"路名","段數","專案編號","GPS_X","GPS_Y","車道","里程","IRI","PCI"
"高鐵北路","一段","CX","121.217123000","25.014076000","2","660","3.89000","59.00000"
"高鐵北路","一段","CX","121.216990000","25.013942000","2","680","2.17000","59.00000"
"高鐵北路","一段","CX","121.216857000","25.013809000","2","700","2.19000","59.00000"
"高鐵北路","一段","CX","121.216723000","25.013675000","2","720","2.76000","58.00000"
"高鐵北路","一段","CX","121.216590000","25.013542000","2","740","3.01000","59.00000"
"高鐵北路","一段","CX","121.216456000","25.013408000","2","760","4.49000","59.00000"
"高鐵北路","一段","CX","121.216322000","25.013276000","2","780","2.64000","59.00000"
"高鐵北路","一段","CX","121.216188000","25.013143000","2","800","3.34000","60.00000"
"高鐵北路","一段","CX","121.216054000","25.013010000","2","820","2.05000","59.00000"
"高鐵北路","一段","CX","121.215920000","25.012877000","2","840","2.71000","59.00000"
"高鐵北路","一段","CX","121.215786000","25.012744000","2","860","6.63000","58.00000"
"高鐵北路","一段","CX","121.215652000","25.012611000","2","880","7.63000","60.00000"
"高鐵北路","一段","CX","121.215517000","25.012478000","2","900","2.90000","59.00000"
"高鐵北路","一段","CX","121.215383000","25.012345000","2","920","4.68000","59.00000"
"高鐵北路","一段","CX","121.215249000","25.012212000","2","940","2.68000","59.00000"
"高鐵北路","一段","CX","121.215115000","25.012080000","2","960","1.55000","59.00000"
"高鐵北路","一段","CX","121.214981000","25.011947000","2","980","1.86000","60.00000"
"高鐵北路","一段","CX","121.214847000","25.011814000","2","1000","3.05000","59.00000"
"高鐵北路","一段","CX","121.214712000","25.011681000","2","1020","5.95000","59.00000"
"高鐵北路","一段","CX","121.214578000","25.011549000","2","1040","4.86000","59.00000"
"高鐵北路","一段","CX","121.214443000","25.011416000","2","1060","3.17000","59.00000"
"高鐵北路","一段","CX","121.214307000","25.011284000","2","1080","4.12000","59.00000"
"高鐵北路","一段","CX","121.214172000","25.011152000","2","1100","3.18000","59.00000"
"高鐵北路","一段","CX","121.214037000","25.011020000","2","1120","2.34000","59.00000"
"高鐵北路","一段","CX","121.213902000","25.010888000","2","1140","3.70000","58.00000"
"高鐵北路","一段","CX","121.213767000","25.010756000","2","1160",NULL,"63.00000"
"高鐵北路","一段","CX","121.217153000","25.014052000","1","660","2.14000","59.00000"
"高鐵北路","一段","CX","121.217020000","25.013919000","1","680","2.80000","59.00000"
"高鐵北路","一段","CX","121.216887000","25.013785000","1","700","1.36000","59.00000"
"高鐵北路","一段","CX","121.216753000","25.013651000","1","720","4.58000","58.00000"
"高鐵北路","一段","CX","121.216620000","25.013518000","1","740","2.51000","59.00000"
"高鐵北路","一段","CX","121.216486000","25.013385000","1","760","4.99000","59.00000"
"高鐵北路","一段","CX","121.216352000","25.013252000","1","780","3.16000","59.00000"
"高鐵北路","一段","CX","121.216218000","25.013119000","1","800","1.92000","60.00000"
"高鐵北路","一段","CX","121.216084000","25.012986000","1","820","2.30000","59.00000"
"高鐵北路","一段","CX","121.215950000","25.012853000","1","840","2.05000","59.00000"
"高鐵北路","一段","CX","121.215815000","25.012720000","1","860","2.94000","58.00000"
"高鐵北路","一段","CX","121.215681000","25.012587000","1","880","9.80000","60.00000"
"高鐵北路","一段","CX","121.215547000","25.012454000","1","900","3.87000","59.00000"
"高鐵北路","一段","CX","121.215413000","25.012321000","1","920","2.15000","59.00000"
"高鐵北路","一段","CX","121.215279000","25.012188000","1","940","2.97000","59.00000"
"高鐵北路","一段","CX","121.215145000","25.012056000","1","960","1.16000","59.00000"
"高鐵北路","一段","CX","121.215010000","25.011923000","1","980","2.34000","60.00000"
"高鐵北路","一段","CX","121.214876000","25.011790000","1","1000","3.24000","59.00000"
"高鐵北路","一段","CX","121.214742000","25.011657000","1","1020","6.13000","59.00000"
"高鐵北路","一段","CX","121.214607000","25.011525000","1","1040","5.90000","59.00000"
"高鐵北路","一段","CX","121.214472000","25.011392000","1","1060","2.60000","59.00000"
"高鐵北路","一段","CX","121.214337000","25.011260000","1","1080","1.92000","59.00000"
"高鐵北路","一段","CX","121.214202000","25.011128000","1","1100","1.97000","59.00000"
"高鐵北路","一段","CX","121.214067000","25.010996000","1","1120","2.01000","59.00000"
"高鐵北路","一段","CX","121.213932000","25.010864000","1","1140","2.99000","58.00000"
"高鐵北路","一段","CX","121.213797000","25.010732000","1","1160",NULL,"63.00000"
"高鐵北路","一段","CX","121.217094000","25.014100000","3","660","3.03000","59.00000"
"高鐵北路","一段","CX","121.216960000","25.013966000","3","680","3.15000","59.00000"
"高鐵北路","一段","CX","121.216827000","25.013833000","3","700","3.53000","59.00000"
"高鐵北路","一段","CX","121.216694000","25.013699000","3","720","3.13000","58.00000"
"高鐵北路","一段","CX","121.216560000","25.013566000","3","740","5.07000","59.00000"
"高鐵北路","一段","CX","121.216427000","25.013432000","3","760","3.09000","59.00000"
"高鐵北路","一段","CX","121.216293000","25.013300000","3","780","2.95000","59.00000"
"高鐵北路","一段","CX","121.216158000","25.013167000","3","800","2.19000","60.00000"
"高鐵北路","一段","CX","121.216024000","25.013034000","3","820","2.90000","59.00000"
"高鐵北路","一段","CX","121.215890000","25.012901000","3","840","3.40000","59.00000"
"高鐵北路","一段","CX","121.215756000","25.012768000","3","860","4.91000","58.00000"
"高鐵北路","一段","CX","121.215622000","25.012635000","3","880","4.32000","60.00000"
"高鐵北路","一段","CX","121.215488000","25.012502000","3","900","3.11000","59.00000"
"高鐵北路","一段","CX","121.215354000","25.012369000","3","920","5.16000","59.00000"
"高鐵北路","一段","CX","121.215219000","25.012236000","3","940","2.46000","59.00000"
"高鐵北路","一段","CX","121.215085000","25.012103000","3","960","3.75000","59.00000"
"高鐵北路","一段","CX","121.214951000","25.011971000","3","980","3.12000","60.00000"
"高鐵北路","一段","CX","121.214817000","25.011838000","3","1000","3.52000","59.00000"
"高鐵北路","一段","CX","121.214683000","25.011705000","3","1020","4.62000","59.00000"
"高鐵北路","一段","CX","121.214548000","25.011572000","3","1040","3.61000","59.00000"
"高鐵北路","一段","CX","121.214413000","25.011440000","3","1060","3.02000","59.00000"
"高鐵北路","一段","CX","121.214278000","25.011308000","3","1080","2.22000","59.00000"
"高鐵北路","一段","CX","121.214143000","25.011176000","3","1100","2.42000","59.00000"
"高鐵北路","一段","CX","121.214008000","25.011044000","3","1120","3.55000","59.00000"
"高鐵北路","一段","CX","121.213873000","25.010912000","3","1140",NULL,"58.00000"
"高鐵北路","一段","CX","121.213737000","25.010780000","3","1160",NULL,"63.00000"
"高鐵南路","一段","B","121.212286000","25.011834000","2","1560","5.01000","62.00000"
"高鐵南路","一段","B","121.212201000","25.011670000","2","1540","2.72000","80.00000"
"高鐵南路","一段","B","121.212116000","25.011507000","2","1520","2.04000","82.00000"
"高鐵南路","一段","B","121.212041000","25.011341000","2","1500","2.99000","81.00000"
"高鐵南路","一段","B","121.211983000","25.011168000","2","1480","3.45000","82.00000"
"高鐵南路","一段","B","121.211946000","25.010991000","2","1460","1.83000","81.00000"
"高鐵南路","一段","B","121.211926000","25.010811000","2","1440","1.77000","82.00000"
"高鐵南路","一段","B","121.211906000","25.010632000","2","1420","1.74000","81.00000"
"高鐵南路","一段","B","121.211881000","25.010453000","2","1400","4.23000","81.00000"
"高鐵南路","一段","B","121.211820000","25.010281000","2","1380","3.77000","82.00000"
"高鐵南路","一段","B","121.211730000","25.010120000","2","1360","4.35000","82.00000"
"高鐵南路","一段","B","121.211628000","25.009966000","2","1340","2.49000","80.00000"
"高鐵南路","一段","B","121.211505000","25.009824000","2","1320","2.25000","81.00000"
"高鐵南路","一段","B","121.211375000","25.009688000","2","1300","3.72000","81.00000"
"高鐵南路","一段","B","121.211243000","25.009553000","2","1280","7.39000","82.00000"
"高鐵南路","一段","B","121.211109000","25.009420000","2","1260","4.02000","81.00000"
"高鐵南路","一段","B","121.210976000","25.009287000","2","1240","6.30000","81.00000"
"高鐵南路","一段","B","121.210842000","25.009153000","2","1220","1.97000","81.00000"
"高鐵南路","一段","B","121.210708000","25.009020000","2","1200","2.57000","80.00000"
"高鐵南路","一段","B","121.210575000","25.008887000","2","1180","2.60000","81.00000"
"高鐵南路","一段","B","121.210442000","25.008753000","2","1160","2.04000","81.00000"
"高鐵南路","一段","B","121.210309000","25.008619000","2","1140","1.48000","82.00000"
"高鐵南路","一段","B","121.210176000","25.008485000","2","1120","2.16000","81.00000"
"高鐵南路","一段","B","121.210043000","25.008351000","2","1100","1.47000","80.00000"
"高鐵南路","一段","B","121.209910000","25.008217000","2","1080","1.90000","82.00000"
"高鐵南路","一段","B","121.209777000","25.008083000","2","1060","3.10000","82.00000"
"高鐵南路","一段","B","121.209645000","25.007949000","2","1040","3.85000","81.00000"
"高鐵南路","一段","B","121.209512000","25.007815000","2","1020","3.40000","82.00000"
"高鐵南路","一段","B","121.209379000","25.007681000","2","1000","2.34000","81.00000"
"高鐵南路","一段","B","121.209244000","25.007549000","2","980","2.00000","81.00000"
"高鐵南路","一段","B","121.209110000","25.007416000","2","960","2.03000","82.00000"
"高鐵南路","一段","B","121.208975000","25.007283000","2","940","1.67000","82.00000"
"高鐵南路","一段","B","121.208842000","25.007150000","2","920","2.24000","81.00000"
"高鐵南路","一段","B","121.208708000","25.007017000","2","900","1.99000","82.00000"
"高鐵南路","一段","B","121.208574000","25.006883000","2","880","2.56000","81.00000"
"高鐵南路","一段","B","121.208441000","25.006750000","2","860","4.62000","82.00000"
"高鐵南路","一段","B","121.208307000","25.006617000","2","840","2.27000","82.00000"
"高鐵南路","一段","B","121.208174000","25.006483000","2","820","2.56000","81.00000"
"高鐵南路","一段","B","121.208039000","25.006350000","2","800","3.93000","81.00000"
"高鐵南路","一段","B","121.207905000","25.006218000","2","780","1.42000","82.00000"
"高鐵南路","一段","B","121.212225000","25.011886000","4","1560","5.96000","62.00000"
"高鐵南路","一段","B","121.212141000","25.011723000","4","1540","2.16000","80.00000"
"高鐵南路","一段","B","121.212056000","25.011560000","4","1520","2.92000","82.00000"
"高鐵南路","一段","B","121.211976000","25.011395000","4","1500","2.68000","81.00000"
"高鐵南路","一段","B","121.211917000","25.011223000","4","1480","2.15000","82.00000"
"高鐵南路","一段","B","121.211871000","25.011047000","4","1460","1.84000","81.00000"
"高鐵南路","一段","B","121.211825000","25.010871000","4","1440","2.97000","82.00000"
"高鐵南路","一段","B","121.211779000","25.010696000","4","1420","2.58000","81.00000"
"高鐵南路","一段","B","121.211732000","25.010520000","4","1400","5.60000","81.00000"
"高鐵南路","一段","B","121.211671000","25.010348000","4","1380","3.56000","82.00000"
"高鐵南路","一段","B","121.211586000","25.010186000","4","1360","4.15000","82.00000"
"高鐵南路","一段","B","121.211477000","25.010036000","4","1340","2.36000","80.00000"
"高鐵南路","一段","B","121.211352000","25.009895000","4","1320","1.85000","81.00000"
"高鐵南路","一段","B","121.211228000","25.009755000","4","1300","3.13000","81.00000"
"高鐵南路","一段","B","121.211096000","25.009621000","4","1280","5.34000","82.00000"
"高鐵南路","一段","B","121.210958000","25.009491000","4","1260","4.09000","81.00000"
"高鐵南路","一段","B","121.210825000","25.009358000","4","1240","4.21000","81.00000"
"高鐵南路","一段","B","121.210692000","25.009224000","4","1220","2.62000","81.00000"
"高鐵南路","一段","B","121.210559000","25.009090000","4","1200","2.67000","80.00000"
"高鐵南路","一段","B","121.210426000","25.008956000","4","1180","3.43000","81.00000"
"高鐵南路","一段","B","121.210293000","25.008822000","4","1160","2.32000","81.00000"
"高鐵南路","一段","B","121.210160000","25.008689000","4","1140","2.33000","82.00000"
"高鐵南路","一段","B","121.210027000","25.008555000","4","1120","1.97000","81.00000"
"高鐵南路","一段","B","121.209894000","25.008421000","4","1100","2.82000","80.00000"
"高鐵南路","一段","B","121.209760000","25.008288000","4","1080","2.42000","82.00000"
"高鐵南路","一段","B","121.209624000","25.008156000","4","1060","4.92000","82.00000"
"高鐵南路","一段","B","121.209489000","25.008024000","4","1040","7.20000","81.00000"
"高鐵南路","一段","B","121.209353000","25.007892000","4","1020","1.95000","82.00000"
"高鐵南路","一段","B","121.209221000","25.007758000","4","1000","1.94000","81.00000"
"高鐵南路","一段","B","121.209084000","25.007627000","4","980","1.84000","81.00000"
"高鐵南路","一段","B","121.208947000","25.007497000","4","960","1.95000","82.00000"
"高鐵南路","一段","B","121.208811000","25.007366000","4","940","1.62000","82.00000"
"高鐵南路","一段","B","121.208679000","25.007231000","4","920","1.62000","81.00000"
"高鐵南路","一段","B","121.208548000","25.007096000","4","900","1.92000","82.00000"
"高鐵南路","一段","B","121.208418000","25.006960000","4","880","2.65000","81.00000"
"高鐵南路","一段","B","121.208288000","25.006823000","4","860","2.63000","82.00000"
"高鐵南路","一段","B","121.208162000","25.006684000","4","840","3.16000","82.00000"
"高鐵南路","一段","B","121.208042000","25.006541000","4","820","2.75000","81.00000"
"高鐵南路","一段","B","121.207904000","25.006411000","4","800","1.57000","81.00000"
"高鐵南路","一段","B","121.207766000","25.006281000","4","780","1.76000","82.00000"
"高鐵南路","一段","B","121.212316000","25.011807000","1","1560","7.29000","62.00000"
"高鐵南路","一段","B","121.212231000","25.011644000","1","1540","2.94000","80.00000"
"高鐵南路","一段","B","121.212147000","25.011481000","1","1520","2.64000","82.00000"
"高鐵南路","一段","B","121.212073000","25.011314000","1","1500","1.67000","81.00000"
"高鐵南路","一段","B","121.212016000","25.011141000","1","1480","2.66000","82.00000"
"高鐵南路","一段","B","121.211982000","25.010963000","1","1460","1.49000","81.00000"
"高鐵南路","一段","B","121.211963000","25.010783000","1","1440","1.27000","82.00000"
"高鐵南路","一段","B","121.211943000","25.010604000","1","1420","1.36000","81.00000"
"高鐵南路","一段","B","121.211913000","25.010426000","1","1400","3.09000","81.00000"
"高鐵南路","一段","B","121.211851000","25.010254000","1","1380","2.50000","82.00000"
"高鐵南路","一段","B","121.211760000","25.010094000","1","1360","4.25000","82.00000"
"高鐵南路","一段","B","121.211656000","25.009940000","1","1340","2.46000","80.00000"
"高鐵南路","一段","B","121.211534000","25.009799000","1","1320","1.98000","81.00000"
"高鐵南路","一段","B","121.211403000","25.009663000","1","1300","2.26000","81.00000"
"高鐵南路","一段","B","121.211271000","25.009528000","1","1280","5.28000","82.00000"
"高鐵南路","一段","B","121.211138000","25.009395000","1","1260","3.54000","81.00000"
"高鐵南路","一段","B","121.211004000","25.009261000","1","1240","3.72000","81.00000"
"高鐵南路","一段","B","121.210870000","25.009128000","1","1220","1.33000","81.00000"
"高鐵南路","一段","B","121.210737000","25.008995000","1","1200","2.01000","80.00000"
"高鐵南路","一段","B","121.210603000","25.008861000","1","1180","2.47000","81.00000"
"高鐵南路","一段","B","121.210470000","25.008727000","1","1160","1.77000","81.00000"
"高鐵南路","一段","B","121.210337000","25.008594000","1","1140","1.65000","82.00000"
"高鐵南路","一段","B","121.210204000","25.008460000","1","1120","1.43000","81.00000"
"高鐵南路","一段","B","121.210071000","25.008326000","1","1100","1.74000","80.00000"
"高鐵南路","一段","B","121.209938000","25.008192000","1","1080","1.57000","82.00000"
"高鐵南路","一段","B","121.209806000","25.008058000","1","1060","3.22000","82.00000"
"高鐵南路","一段","B","121.209673000","25.007923000","1","1040","3.13000","81.00000"
"高鐵南路","一段","B","121.209540000","25.007789000","1","1020","2.01000","82.00000"
"高鐵南路","一段","B","121.209407000","25.007656000","1","1000","2.94000","81.00000"
"高鐵南路","一段","B","121.209273000","25.007523000","1","980","1.85000","81.00000"
"高鐵南路","一段","B","121.209138000","25.007391000","1","960","1.54000","82.00000"
"高鐵南路","一段","B","121.209004000","25.007258000","1","940","1.89000","82.00000"
"高鐵南路","一段","B","121.208870000","25.007125000","1","920","1.84000","81.00000"
"高鐵南路","一段","B","121.208736000","25.006991000","1","900","2.36000","82.00000"
"高鐵南路","一段","B","121.208603000","25.006858000","1","880","2.60000","81.00000"
"高鐵南路","一段","B","121.208469000","25.006725000","1","860","4.65000","82.00000"
"高鐵南路","一段","B","121.208335000","25.006591000","1","840","1.48000","82.00000"
"高鐵南路","一段","B","121.208202000","25.006458000","1","820","2.25000","81.00000"
"高鐵南路","一段","B","121.208068000","25.006325000","1","800","2.77000","81.00000"
"高鐵南路","一段","B","121.207933000","25.006193000","1","780","1.64000","82.00000"
"高鐵南路","一段","B","121.212256000","25.011860000","3","1560","8.79000","62.00000"
"高鐵南路","一段","B","121.212171000","25.011697000","3","1540","7.26000","80.00000"
"高鐵南路","一段","B","121.212086000","25.011533000","3","1520","3.44000","82.00000"
"高鐵南路","一段","B","121.212008000","25.011368000","3","1500","4.69000","81.00000"
"高鐵南路","一段","B","121.211950000","25.011195000","3","1480","2.82000","82.00000"
"高鐵南路","一段","B","121.211910000","25.011019000","3","1460","2.18000","81.00000"
"高鐵南路","一段","B","121.211888000","25.010839000","3","1440","1.85000","82.00000"
"高鐵南路","一段","B","121.211870000","25.010660000","3","1420","2.75000","81.00000"
"高鐵南路","一段","B","121.211848000","25.010480000","3","1400","2.53000","81.00000"
"高鐵南路","一段","B","121.211788000","25.010308000","3","1380","2.64000","82.00000"
"高鐵南路","一段","B","121.211700000","25.010147000","3","1360","5.00000","82.00000"
"高鐵南路","一段","B","121.211599000","25.009992000","3","1340","2.04000","80.00000"
"高鐵南路","一段","B","121.211477000","25.009849000","3","1320","2.14000","81.00000"
"高鐵南路","一段","B","121.211346000","25.009713000","3","1300","3.06000","81.00000"
"高鐵南路","一段","B","121.211215000","25.009578000","3","1280","7.74000","82.00000"
"高鐵南路","一段","B","121.211081000","25.009445000","3","1260","3.65000","81.00000"
"高鐵南路","一段","B","121.210947000","25.009312000","3","1240","4.78000","81.00000"
"高鐵南路","一段","B","121.210814000","25.009179000","3","1220","3.30000","81.00000"
"高鐵南路","一段","B","121.210680000","25.009045000","3","1200","2.79000","80.00000"
"高鐵南路","一段","B","121.210546000","25.008912000","3","1180","3.48000","81.00000"
"高鐵南路","一段","B","121.210413000","25.008778000","3","1160","4.66000","81.00000"
"高鐵南路","一段","B","121.210280000","25.008644000","3","1140","3.91000","82.00000"
"高鐵南路","一段","B","121.210148000","25.008510000","3","1120","2.41000","81.00000"
"高鐵南路","一段","B","121.210015000","25.008376000","3","1100","4.01000","80.00000"
"高鐵南路","一段","B","121.209882000","25.008242000","3","1080","2.42000","82.00000"
"高鐵南路","一段","B","121.209749000","25.008108000","3","1060","4.96000","82.00000"
"高鐵南路","一段","B","121.209616000","25.007974000","3","1040","3.49000","81.00000"
"高鐵南路","一段","B","121.209484000","25.007840000","3","1020","4.09000","82.00000"
"高鐵南路","一段","B","121.209350000","25.007706000","3","1000","4.60000","81.00000"
"高鐵南路","一段","B","121.209216000","25.007574000","3","980","2.50000","81.00000"
"高鐵南路","一段","B","121.209081000","25.007441000","3","960","5.51000","82.00000"
"高鐵南路","一段","B","121.208947000","25.007309000","3","940","2.12000","82.00000"
"高鐵南路","一段","B","121.208813000","25.007175000","3","920","3.43000","81.00000"
"高鐵南路","一段","B","121.208680000","25.007042000","3","900","3.54000","82.00000"
"高鐵南路","一段","B","121.208546000","25.006909000","3","880","3.14000","81.00000"
"高鐵南路","一段","B","121.208412000","25.006775000","3","860","4.88000","82.00000"
"高鐵南路","一段","B","121.208279000","25.006642000","3","840","3.08000","82.00000"
"高鐵南路","一段","B","121.208145000","25.006509000","3","820","1.56000","81.00000"
"高鐵南路","一段","B","121.208011000","25.006376000","3","800","1.57000","81.00000"
"高鐵南路","一段","B","121.207877000","25.006243000","3","780","1.82000","82.00000"
"高鐵北路","一段","C","121.213641000","25.010521000","1","0","5.17000","82.00000"
"高鐵北路","一段","C","121.213787000","25.010640000","1","20","1.92000","81.00000"
"高鐵北路","一段","C","121.213923000","25.010772000","1","40","1.77000","81.00000"
"高鐵北路","一段","C","121.214058000","25.010904000","1","60","2.20000","82.00000"
"高鐵北路","一段","C","121.214193000","25.011036000","1","80","2.07000","80.00000"
"高鐵北路","一段","C","121.214328000","25.011169000","1","100","2.42000","81.00000"
"高鐵北路","一段","C","121.214463000","25.011301000","1","120","4.48000","82.00000"
"高鐵北路","一段","C","121.214598000","25.011433000","1","140","7.62000","82.00000"
"高鐵北路","一段","C","121.214733000","25.011565000","1","160","4.10000","80.00000"
"高鐵北路","一段","C","121.214868000","25.011697000","1","180","2.24000","81.00000"
"高鐵北路","一段","C","121.215002000","25.011830000","1","200","1.24000","81.00000"
"高鐵北路","一段","C","121.215136000","25.011963000","1","220","2.62000","82.00000"
"高鐵北路","一段","C","121.215270000","25.012096000","1","240","2.68000","82.00000"
"高鐵北路","一段","C","121.215404000","25.012229000","1","260","7.43000","82.00000"
"高鐵北路","一段","C","121.215539000","25.012362000","1","280","3.02000","82.00000"
"高鐵北路","一段","C","121.215673000","25.012495000","1","300","2.59000","81.00000"
"高鐵北路","一段","C","121.215807000","25.012628000","1","320","1.98000","81.00000"
"高鐵北路","一段","C","121.215941000","25.012761000","1","340","1.63000","82.00000"
"高鐵北路","一段","C","121.216075000","25.012893000","1","360","1.60000","82.00000"
"高鐵北路","一段","C","121.216209000","25.013026000","1","380","2.03000","81.00000"
"高鐵北路","一段","C","121.216343000","25.013159000","1","400","3.83000","82.00000"
"高鐵北路","一段","C","121.216477000","25.013292000","1","420","1.28000","81.00000"
"高鐵北路","一段","C","121.216612000","25.013425000","1","440","1.84000","81.00000"
"高鐵北路","一段","C","121.216745000","25.013559000","1","460","1.81000","82.00000"
"高鐵北路","一段","C","121.216878000","25.013692000","1","480","4.59000","82.00000"
"高鐵北路","一段","C","121.217012000","25.013826000","1","500","10.03000","82.00000"
"高鐵北路","一段","C","121.217145000","25.013959000","1","520","7.11000","81.00000"
"高鐵北路","一段","C","121.217266000","25.014101000","1","540","6.24000","82.00000"
"高鐵北路","一段","C","121.217363000","25.014259000","1","560","3.01000","82.00000"
"高鐵北路","一段","C","121.217456000","25.014418000","1","580","3.88000","81.00000"
"高鐵北路","一段","C","121.217544000","25.014580000","1","600","3.76000","82.00000"
"高鐵北路","一段","C","121.217626000","25.014744000","1","620","4.04000","81.00000"
"高鐵北路","一段","C","121.217682000","25.014917000","1","640","4.92000","81.00000"
"高鐵北路","一段","C","121.217735000","25.015091000","1","660","3.79000","81.00000"
"高鐵北路","一段","C","121.217791000","25.015264000","1","680","3.33000","82.00000"
"高鐵北路","一段","C","121.217862000","25.015433000","1","700","2.99000","81.00000"
"高鐵北路","一段","C","121.217945000","25.015597000","1","720","4.72000","81.00000"
"高鐵北路","一段","C","121.218034000","25.015758000","1","740","2.75000","80.00000"
"高鐵北路","一段","C","121.218138000","25.015912000","1","760","4.08000","82.00000"
"高鐵北路","一段","C","121.218248000","25.016061000","1","780","4.09000","82.00000"
"高鐵北路","一段","C","121.218378000","25.016197000","1","800","4.52000","81.00000"
"高鐵北路","一段","C","121.218509000","25.016334000","1","820","7.58000","80.00000"
"高鐵北路","一段","C","121.218639000","25.016470000","1","840","8.42000","81.00000"
"高鐵北路","一段","C","121.218769000","25.016606000","1","860","5.43000","80.00000"
"高鐵北路","一段","C","121.213679000","25.010458000","3","0","4.57000","82.00000"
"高鐵北路","一段","C","121.213828000","25.010574000","3","20","3.05000","81.00000"
"高鐵北路","一段","C","121.213963000","25.010706000","3","40","2.98000","81.00000"
"高鐵北路","一段","C","121.214098000","25.010838000","3","60","3.16000","82.00000"
"高鐵北路","一段","C","121.214234000","25.010970000","3","80","2.89000","80.00000"
"高鐵北路","一段","C","121.214369000","25.011102000","3","100","2.90000","81.00000"
"高鐵北路","一段","C","121.214504000","25.011235000","3","120","5.65000","82.00000"
"高鐵北路","一段","C","121.214639000","25.011367000","3","140","5.55000","82.00000"
"高鐵北路","一段","C","121.214774000","25.011499000","3","160","4.63000","80.00000"
"高鐵北路","一段","C","121.214909000","25.011631000","3","180","2.79000","81.00000"
"高鐵北路","一段","C","121.215043000","25.011764000","3","200","2.11000","81.00000"
"高鐵北路","一段","C","121.215177000","25.011897000","3","220","3.20000","82.00000"
"高鐵北路","一段","C","121.215311000","25.012030000","3","240","3.20000","82.00000"
"高鐵北路","一段","C","121.215445000","25.012163000","3","260","2.70000","82.00000"
"高鐵北路","一段","C","121.215579000","25.012296000","3","280","2.20000","82.00000"
"高鐵北路","一段","C","121.215714000","25.012429000","3","300","2.20000","81.00000"
"高鐵北路","一段","C","121.215848000","25.012561000","3","320","3.40000","81.00000"
"高鐵北路","一段","C","121.215982000","25.012694000","3","340","3.20000","82.00000"
"高鐵北路","一段","C","121.216116000","25.012827000","3","360","3.10000","82.00000"
"高鐵北路","一段","C","121.216250000","25.012960000","3","380","3.20000","81.00000"
"高鐵北路","一段","C","121.216384000","25.013093000","3","400","3.10000","82.00000"
"高鐵北路","一段","C","121.216518000","25.013226000","3","420","3.20000","81.00000"
"高鐵北路","一段","C","121.216653000","25.013359000","3","440","2.97000","81.00000"
"高鐵北路","一段","C","121.216786000","25.013492000","3","460","3.04000","82.00000"
"高鐵北路","一段","C","121.216919000","25.013626000","3","480","3.32000","82.00000"
"高鐵北路","一段","C","121.217053000","25.013760000","3","500","7.21000","82.00000"
"高鐵北路","一段","C","121.217186000","25.013893000","3","520","8.82000","81.00000"
"高鐵北路","一段","C","121.217312000","25.014032000","3","540","12.30000","82.00000"
"高鐵北路","一段","C","121.217412000","25.014188000","3","560","4.34000","82.00000"
"高鐵北路","一段","C","121.217504000","25.014347000","3","580","3.92000","81.00000"
"高鐵北路","一段","C","121.217595000","25.014508000","3","600","3.17000","82.00000"
"高鐵北路","一段","C","121.217677000","25.014672000","3","620","2.80000","81.00000"
"高鐵北路","一段","C","121.217741000","25.014843000","3","640","3.51000","81.00000"
"高鐵北路","一段","C","121.217795000","25.015016000","3","660","3.61000","81.00000"
"高鐵北路","一段","C","121.217846000","25.015191000","3","680","2.40000","82.00000"
"高鐵北路","一段","C","121.217915000","25.015360000","3","700","2.40000","81.00000"
"高鐵北路","一段","C","121.217996000","25.015525000","3","720","1.92000","81.00000"
"高鐵北路","一段","C","121.218080000","25.015688000","3","740","2.38000","80.00000"
"高鐵北路","一段","C","121.218184000","25.015842000","3","760","4.42000","82.00000"
"高鐵北路","一段","C","121.218290000","25.015995000","3","780","4.30000","82.00000"
"高鐵北路","一段","C","121.218420000","25.016131000","3","800","3.93000","81.00000"
"高鐵北路","一段","C","121.218550000","25.016267000","3","820","7.44000","80.00000"
"高鐵北路","一段","C","121.218680000","25.016403000","3","840","7.97000","81.00000"
"高鐵北路","一段","C","121.218810000","25.016539000","3","860","7.54000","80.00000"
"高鐵北路","二段","C","121.218925000","25.016650000","3","880","3.17000","81.00000"
"高鐵北路","二段","C","121.219061000","25.016781000","3","900","3.49000","82.00000"
"高鐵北路","二段","C","121.219195000","25.016914000","3","920","4.54000","82.00000"
"高鐵北路","二段","C","121.219328000","25.017048000","3","940","1.84000","81.00000"
"高鐵北路","二段","C","121.219462000","25.017181000","3","960","5.25000","81.00000"
"高鐵北路","二段","C","121.219596000","25.017314000","3","980","2.22000","81.00000"
"高鐵北路","二段","C","121.219730000","25.017447000","3","1000","2.73000","82.00000"
"高鐵北路","二段","C","121.219864000","25.017580000","3","1020","2.66000","82.00000"
"高鐵北路","二段","C","121.219997000","25.017714000","3","1040","4.85000","82.00000"
"高鐵北路","二段","C","121.220131000","25.017847000","3","1060","2.48000","82.00000"
"高鐵北路","二段","C","121.220265000","25.017980000","3","1080","3.75000","81.00000"
"高鐵北路","二段","C","121.220399000","25.018113000","3","1100","2.12000","81.00000"
"高鐵北路","二段","C","121.220532000","25.018247000","3","1120","6.36000","82.00000"
"高鐵北路","二段","C","121.220666000","25.018380000","3","1140","2.01000","80.00000"
"高鐵北路","二段","C","121.220800000","25.018513000","3","1160","2.94000","81.00000"
"高鐵北路","二段","C","121.220934000","25.018646000","3","1180","3.75000","81.00000"
"高鐵北路","二段","C","121.221068000","25.018779000","3","1200","5.18000","82.00000"
"高鐵北路","二段","C","121.221201000","25.018912000","3","1220","4.48000","82.00000"
"高鐵北路","二段","C","121.221335000","25.019046000","3","1240","5.17000","82.00000"
"高鐵北路","二段","C","121.221469000","25.019179000","3","1260","3.03000","83.00000"
"高鐵北路","二段","C","121.221603000","25.019312000","3","1280","4.05000","82.00000"
"高鐵北路","二段","C","121.221737000","25.019445000","3","1300","5.75000","82.00000"
"高鐵北路","二段","C","121.221872000","25.019577000","3","1320","2.01000","82.00000"
"高鐵北路","二段","C","121.222007000","25.019709000","3","1340","2.21000","81.00000"
"高鐵北路","二段","C","121.222142000","25.019841000","3","1360","2.83000","81.00000"
"高鐵北路","二段","C","121.222276000","25.019974000","3","1380","4.00000","81.00000"
"高鐵北路","二段","C","121.222412000","25.020106000","3","1400","1.33000","83.00000"
"高鐵北路","二段","C","121.222547000","25.020238000","3","1420","4.08000","81.00000"
"高鐵北路","二段","C","121.222681000","25.020371000","3","1440","1.39000","83.00000"
"高鐵北路","二段","C","121.222816000","25.020504000","3","1460","3.33000","82.00000"
"高鐵北路","二段","C","121.222949000","25.020637000","3","1480","3.40000","82.00000"
"高鐵北路","二段","C","121.223082000","25.020771000","3","1500","2.75000","80.00000"
"高鐵北路","二段","C","121.223216000","25.020904000","3","1520","3.60000","82.00000"
"高鐵北路","二段","C","121.223351000","25.021036000","3","1540","4.36000","81.00000"
"高鐵北路","二段","C","121.223486000","25.021169000","3","1560",NULL,"82.00000"
"高鐵北路","二段","C","121.223620000","25.021302000","3","1580",NULL,NULL
"高鐵北路","二段","C","121.218954000","25.016625000","4","880","3.76000","81.00000"
"高鐵北路","二段","C","121.219090000","25.016756000","4","900","2.13000","82.00000"
"高鐵北路","二段","C","121.219223000","25.016889000","4","920","4.10000","82.00000"
"高鐵北路","二段","C","121.219357000","25.017023000","4","940","2.29000","81.00000"
"高鐵北路","二段","C","121.219490000","25.017156000","4","960","3.71000","81.00000"
"高鐵北路","二段","C","121.219625000","25.017289000","4","980","2.79000","81.00000"
"高鐵北路","二段","C","121.219758000","25.017422000","4","1000","3.64000","82.00000"
"高鐵北路","二段","C","121.219892000","25.017555000","4","1020","4.01000","82.00000"
"高鐵北路","二段","C","121.220026000","25.017689000","4","1040","2.67000","82.00000"
"高鐵北路","二段","C","121.220160000","25.017822000","4","1060","2.32000","82.00000"
"高鐵北路","二段","C","121.220294000","25.017955000","4","1080","5.95000","81.00000"
"高鐵北路","二段","C","121.220428000","25.018088000","4","1100","2.80000","81.00000"
"高鐵北路","二段","C","121.220561000","25.018221000","4","1120","4.42000","82.00000"
"高鐵北路","二段","C","121.220695000","25.018355000","4","1140","2.26000","80.00000"
"高鐵北路","二段","C","121.220828000","25.018488000","4","1160","7.16000","81.00000"
"高鐵北路","二段","C","121.220962000","25.018621000","4","1180","8.15000","81.00000"
"高鐵北路","二段","C","121.221096000","25.018754000","4","1200","8.94000","82.00000"
"高鐵北路","二段","C","121.221230000","25.018887000","4","1220","3.25000","82.00000"
"高鐵北路","二段","C","121.221364000","25.019021000","4","1240","3.03000","82.00000"
"高鐵北路","二段","C","121.221498000","25.019154000","4","1260","3.63000","83.00000"
"高鐵北路","二段","C","121.221632000","25.019287000","4","1280","3.57000","82.00000"
"高鐵北路","二段","C","121.221765000","25.019420000","4","1300","3.86000","82.00000"
"高鐵北路","二段","C","121.221900000","25.019552000","4","1320","2.97000","82.00000"
"高鐵北路","二段","C","121.222036000","25.019684000","4","1340","3.40000","81.00000"
"高鐵北路","二段","C","121.222171000","25.019816000","4","1360","3.15000","81.00000"
"高鐵北路","二段","C","121.222305000","25.019949000","4","1380","4.45000","81.00000"
"高鐵北路","二段","C","121.222441000","25.020081000","4","1400","3.16000","83.00000"
"高鐵北路","二段","C","121.222575000","25.020213000","4","1420","4.86000","81.00000"
"高鐵北路","二段","C","121.222710000","25.020346000","4","1440","2.06000","83.00000"
"高鐵北路","二段","C","121.222844000","25.020478000","4","1460","3.47000","82.00000"
"高鐵北路","二段","C","121.222978000","25.020612000","4","1480","2.66000","82.00000"
"高鐵北路","二段","C","121.223111000","25.020745000","4","1500","3.21000","80.00000"
"高鐵北路","二段","C","121.223244000","25.020879000","4","1520","3.66000","82.00000"
"高鐵北路","二段","C","121.223379000","25.021011000","4","1540","6.22000","81.00000"
"高鐵北路","二段","C","121.223514000","25.021144000","4","1560","3.62000","82.00000"
"高鐵北路","二段","C","121.223648000","25.021277000","4","1580","4.59000","71.00000"
"高鐵北路","二段","C","121.218868000","25.016700000","1","880","1.93000","81.00000"
"高鐵北路","二段","C","121.219004000","25.016831000","1","900","2.70000","82.00000"
"高鐵北路","二段","C","121.219138000","25.016964000","1","920","2.03000","82.00000"
"高鐵北路","二段","C","121.219271000","25.017098000","1","940","2.29000","81.00000"
"高鐵北路","二段","C","121.219405000","25.017231000","1","960","1.87000","81.00000"
"高鐵北路","二段","C","121.219539000","25.017364000","1","980","2.22000","81.00000"
"高鐵北路","二段","C","121.219673000","25.017497000","1","1000","1.87000","82.00000"
"高鐵北路","二段","C","121.219807000","25.017630000","1","1020","2.19000","82.00000"
"高鐵北路","二段","C","121.219940000","25.017764000","1","1040","1.53000","82.00000"
"高鐵北路","二段","C","121.220074000","25.017897000","1","1060","2.64000","82.00000"
"高鐵北路","二段","C","121.220208000","25.018030000","1","1080","4.01000","81.00000"
"高鐵北路","二段","C","121.220342000","25.018163000","1","1100","6.80000","81.00000"
"高鐵北路","二段","C","121.220475000","25.018297000","1","1120","5.06000","82.00000"
"高鐵北路","二段","C","121.220609000","25.018430000","1","1140","3.96000","80.00000"
"高鐵北路","二段","C","121.220743000","25.018563000","1","1160","3.00000","81.00000"
"高鐵北路","二段","C","121.220877000","25.018696000","1","1180","2.56000","81.00000"
"高鐵北路","二段","C","121.221010000","25.018829000","1","1200","3.76000","82.00000"
"高鐵北路","二段","C","121.221144000","25.018963000","1","1220","4.04000","82.00000"
"高鐵北路","二段","C","121.221278000","25.019096000","1","1240","4.92000","82.00000"
"高鐵北路","二段","C","121.221412000","25.019229000","1","1260","3.79000","83.00000"
"高鐵北路","二段","C","121.221546000","25.019362000","1","1280","3.33000","82.00000"
"高鐵北路","二段","C","121.221680000","25.019495000","1","1300","2.99000","82.00000"
"高鐵北路","二段","C","121.221815000","25.019627000","1","1320","4.72000","82.00000"
"高鐵北路","二段","C","121.221950000","25.019759000","1","1340","2.75000","81.00000"
"高鐵北路","二段","C","121.222085000","25.019891000","1","1360","4.08000","81.00000"
"高鐵北路","二段","C","121.222219000","25.020024000","1","1380","4.09000","81.00000"
"高鐵北路","二段","C","121.222355000","25.020156000","1","1400","4.52000","83.00000"
"高鐵北路","二段","C","121.222490000","25.020288000","1","1420","7.58000","81.00000"
"高鐵北路","二段","C","121.222624000","25.020421000","1","1440","8.42000","83.00000"
"高鐵北路","二段","C","121.222758000","25.020554000","1","1460","5.43000","82.00000"
"高鐵北路","二段","C","121.222892000","25.020687000","1","1480","1.93000","82.00000"
"高鐵北路","二段","C","121.223025000","25.020821000","1","1500","2.70000","80.00000"
"高鐵北路","二段","C","121.223159000","25.020954000","1","1520","2.03000","82.00000"
"高鐵北路","二段","C","121.223294000","25.021087000","1","1540","2.29000","81.00000"
"高鐵北路","二段","C","121.223428000","25.021219000","1","1560","1.87000","82.00000"
"高鐵北路","二段","C","121.223562000","25.021352000","1","1580","2.22000","0.00000"
"領航北路","三段","A","121.207489000","25.011951000","3","1580","3.95000","83.00000"
"領航北路","三段","A","121.207625000","25.012082000","3","1600","2.94000","83.00000"
"領航北路","三段","A","121.207758000","25.012215000","3","1620","3.51000","84.00000"
"領航北路","三段","A","121.207891000","25.012349000","3","1640","4.40000","83.00000"
"領航北路","三段","A","121.208024000","25.012483000","3","1660","2.19000","85.00000"
"領航北路","三段","A","121.208157000","25.012617000","3","1680","3.48000","85.00000"
"領航北路","三段","A","121.208291000","25.012750000","3","1700","3.31000","83.00000"
"領航北路","三段","A","121.208425000","25.012883000","3","1720","2.30000","82.00000"
"領航北路","三段","A","121.208559000","25.013016000","3","1740","3.46000","84.00000"
"領航北路","三段","A","121.208694000","25.013149000","3","1760","2.40000","84.00000"
"領航北路","三段","A","121.208829000","25.013281000","3","1780","2.86000","83.00000"
"領航北路","三段","A","121.208964000","25.013413000","3","1800","3.79000","84.00000"
"領航北路","三段","A","121.209097000","25.013547000","3","1820","2.99000","84.00000"
"領航北路","三段","A","121.209230000","25.013680000","3","1840","3.28000","83.00000"
"領航北路","三段","A","121.209363000","25.013814000","3","1860","2.58000","84.00000"
"領航北路","三段","A","121.209497000","25.013948000","3","1880","4.26000","82.00000"
"領航北路","三段","A","121.209631000","25.014080000","3","1900","3.58000","84.00000"
"領航北路","三段","A","121.209766000","25.014212000","3","1920","2.13000","83.00000"
"領航北路","三段","A","121.209902000","25.014344000","3","1940","4.32000","83.00000"
"領航北路","三段","A","121.210037000","25.014476000","3","1960","3.46000","85.00000"
"領航北路","三段","A","121.210171000","25.014609000","3","1980","3.10000","83.00000"
"領航北路","三段","A","121.210305000","25.014742000","3","2000","4.02000","83.00000"
"領航北路","三段","A","121.210440000","25.014874000","3","2020","4.34000","83.00000"
"領航北路","三段","A","121.210576000","25.015006000","3","2040","2.30000","84.00000"
"領航北路","三段","A","121.210708000","25.015140000","3","2060","2.79000","83.00000"
"領航北路","三段","A","121.210841000","25.015274000","3","2080","2.15000","83.00000"
"領航北路","三段","A","121.210975000","25.015407000","3","2100","2.72000","84.00000"
"領航北路","三段","A","121.211109000","25.015540000","3","2120","2.86000","83.00000"
"領航北路","三段","A","121.211244000","25.015672000","3","2140","3.57000","84.00000"
"領航北路","三段","A","121.211378000","25.015805000","3","2160","3.08000","85.00000"
"領航北路","三段","A","121.211513000","25.015938000","3","2180","4.21000","86.00000"
"領航北路","三段","A","121.211647000","25.016070000","3","2200","2.45000","84.00000"
"領航北路","三段","A","121.211781000","25.016204000","3","2220","2.73000","85.00000"
"領航北路","三段","A","121.211915000","25.016337000","3","2240","4.13000","82.00000"
"領航北路","三段","A","121.212049000","25.016470000","3","2260","2.11000","83.00000"
"領航北路","三段","A","121.212182000","25.016603000","3","2280","3.21000","85.00000"
"領航北路","三段","A","121.212318000","25.016735000","3","2300","4.26000","84.00000"
"領航北路","三段","A","121.212453000","25.016867000","3","2320","2.13000","83.00000"
"領航北路","三段","A","121.212588000","25.017000000","3","2340","3.20000","85.00000"
"領航北路","三段","A","121.212721000","25.017133000","3","2360","2.59000","85.00000"
"領航北路","三段","A","121.212855000","25.017266000","3","2380","4.04000","84.00000"
"領航北路","三段","A","121.212988000","25.017400000","3","2400","2.45000","84.00000"
"領航北路","三段","A","121.213122000","25.017533000","3","2420","3.69000","84.00000"
"領航北路","三段","A","121.213256000","25.017666000","3","2440","2.59000","83.00000"
"領航北路","三段","A","121.213389000","25.017800000","3","2460","2.12000","85.00000"
"領航北路","三段","A","121.213521000","25.017934000","3","2480","4.02000","83.00000"
"領航北路","三段","A","121.213653000","25.018069000","3","2500","3.75000","84.00000"
"領航北路","三段","A","121.213786000","25.018203000","3","2520","2.04000","83.00000"
"領航北路","三段","A","121.213920000","25.018336000","3","2540","3.64000","84.00000"
"領航北路","三段","A","121.214063000","25.018461000","3","2560","3.52000","84.00000"
"領航北路","三段","A","121.214196000","25.018595000","3","2580","4.26000","83.00000"
"領航北路","三段","A","121.214329000","25.018729000","3","2600","3.35000","84.00000"
"領航北路","三段","A","121.214462000","25.018863000","3","2620","3.93000","84.00000"
"領航北路","三段","A","121.214594000","25.018997000","3","2640","4.27000","84.00000"
"領航北路","三段","A","121.214728000","25.019130000","3","2660","2.23000","83.00000"
"領航北路","三段","A","121.214864000","25.019262000","3","2680","2.36000","84.00000"
"領航北路","三段","A","121.214990000","25.019401000","3","2700","2.42000","82.00000"
"領航北路","三段","A","121.215063000","25.019566000","3","2720","2.90000","84.00000"
"高鐵南路","二段","B","121.207644000","25.006165000","4","760",NULL,"83.00000"
"高鐵南路","二段","B","121.207511000","25.006030000","4","740","4.81000","82.00000"
"高鐵南路","二段","B","121.207380000","25.005895000","4","720","3.39000","82.00000"
"高鐵南路","二段","B","121.207247000","25.005761000","4","700","3.28000","82.00000"
"高鐵南路","二段","B","121.207113000","25.005628000","4","680","4.95000","81.00000"
"高鐵南路","二段","B","121.206979000","25.005495000","4","660","3.53000","81.00000"
"高鐵南路","二段","B","121.206846000","25.005362000","4","640","4.40000","81.00000"
"高鐵南路","二段","B","121.206712000","25.005228000","4","620","4.79000","81.00000"
"高鐵南路","二段","B","121.206578000","25.005095000","4","600","8.64000","82.00000"
"高鐵南路","二段","B","121.206444000","25.004962000","4","580","8.71000","82.00000"
"高鐵南路","二段","B","121.206310000","25.004829000","4","560","2.17000","81.00000"
"高鐵南路","二段","B","121.206175000","25.004697000","4","540","2.58000","80.00000"
"高鐵南路","二段","B","121.206041000","25.004564000","4","520","4.11000","81.00000"
"高鐵南路","二段","B","121.205906000","25.004432000","4","500","5.50000","82.00000"
"高鐵南路","二段","B","121.205772000","25.004299000","4","480","4.30000","81.00000"
"高鐵南路","二段","B","121.205637000","25.004166000","4","460","2.64000","81.00000"
"高鐵南路","二段","B","121.205503000","25.004033000","4","440","2.88000","81.00000"
"高鐵南路","二段","B","121.205369000","25.003900000","4","420","6.00000","82.00000"
"高鐵南路","二段","B","121.205235000","25.003767000","4","400","2.45000","82.00000"
"高鐵南路","二段","B","121.205101000","25.003634000","4","380","2.31000","81.00000"
"高鐵南路","二段","B","121.204967000","25.003501000","4","360","2.12000","81.00000"
"高鐵南路","二段","B","121.204832000","25.003369000","4","340","2.50000","81.00000"
"高鐵南路","二段","B","121.204697000","25.003237000","4","320","4.27000","82.00000"
"高鐵南路","二段","B","121.204564000","25.003104000","4","300","4.50000","82.00000"
"高鐵南路","二段","B","121.204430000","25.002970000","4","280","2.31000","81.00000"
"高鐵南路","二段","B","121.204297000","25.002837000","4","260","2.79000","81.00000"
"高鐵南路","二段","B","121.204163000","25.002704000","4","240","2.13000","81.00000"
"高鐵南路","二段","B","121.204028000","25.002571000","4","220","2.90000","81.00000"
"高鐵南路","二段","B","121.203894000","25.002439000","4","200","2.30000","82.00000"
"高鐵南路","二段","B","121.203759000","25.002306000","4","180","2.17000","81.00000"
"高鐵南路","二段","B","121.203621000","25.002177000","4","160","1.53000","82.00000"
"高鐵南路","二段","B","121.203487000","25.002044000","4","140","2.89000","82.00000"
"高鐵南路","二段","B","121.203355000","25.001909000","4","120","2.73000","81.00000"
"高鐵南路","二段","B","121.203224000","25.001774000","4","100","1.62000","82.00000"
"高鐵南路","二段","B","121.203092000","25.001639000","4","80","3.82000","82.00000"
"高鐵南路","二段","B","121.202960000","25.001505000","4","60","4.61000","82.00000"
"高鐵南路","二段","B","121.202828000","25.001370000","4","40","3.06000","82.00000"
"高鐵南路","二段","B","121.202696000","25.001235000","4","20","5.63000","81.00000"
"高鐵南路","二段","B","121.202564000","25.001101000","4","0","5.46000","82.00000"
"領航北路","一段","A","121.200964000","25.006471000","3","700","3.72000","84.00000"
"領航北路","一段","A","121.200983000","25.006291000","3","680","3.27000","81.00000"
"領航北路","一段","A","121.201007000","25.006112000","3","660","3.27000","83.00000"
"領航北路","一段","A","121.201030000","25.005933000","3","640","3.43000","81.00000"
"領航北路","一段","A","121.201053000","25.005753000","3","620","3.56000","84.00000"
"領航北路","一段","A","121.201076000","25.005574000","3","600","2.98000","84.00000"
"領航北路","一段","A","121.201099000","25.005395000","3","580","4.26000","82.00000"
"領航北路","一段","A","121.201122000","25.005215000","3","560","4.23000","84.00000"
"領航北路","一段","A","121.201148000","25.005036000","3","540","2.76000","82.00000"
"領航北路","一段","A","121.201170000","25.004857000","3","520","3.63000","82.00000"
"領航北路","一段","A","121.201193000","25.004678000","3","500","2.39000","83.00000"
"領航北路","一段","A","121.201215000","25.004498000","3","480","4.00000","84.00000"
"領航北路","一段","A","121.201238000","25.004319000","3","460","2.94000","84.00000"
"領航北路","一段","A","121.201260000","25.004139000","3","440","4.34000","84.00000"
"領航北路","一段","A","121.201279000","25.003960000","3","420","2.02000","82.00000"
"領航北路","一段","A","121.201300000","25.003780000","3","400","3.83000","86.00000"
"領航北路","一段","A","121.201322000","25.003601000","3","380","3.13000","86.00000"
"領航北路","一段","A","121.201344000","25.003421000","3","360","2.41000","84.00000"
"領航北路","一段","A","121.201366000","25.003242000","3","340","3.60000","86.00000"
"領航北路","一段","A","121.201388000","25.003062000","3","320","3.23000","83.00000"
"領航北路","一段","A","121.201410000","25.002883000","3","300","4.29000","84.00000"
"領航北路","一段","A","121.201432000","25.002703000","3","280","4.49000","82.00000"
"領航北路","一段","A","121.201454000","25.002524000","3","260","3.76000","83.00000"
"領航北路","一段","A","121.201477000","25.002345000","3","240","2.78000","83.00000"
"領航北路","一段","A","121.201500000","25.002165000","3","220","4.04000","85.00000"
"領航北路","一段","A","121.201522000","25.001986000","3","200","3.08000","86.00000"
"領航北路","一段","A","121.201544000","25.001806000","3","180","3.08000","83.00000"
"領航北路","一段","A","121.201566000","25.001627000","3","160","2.33000","82.00000"
"領航北路","一段","A","121.201588000","25.001447000","3","140","2.67000","87.00000"
"領航北路","一段","A","121.201611000","25.001268000","3","120","3.77000","84.00000"
"領航北路","一段","A","121.201635000","25.001089000","3","100","4.41000","85.00000"
"領航北路","一段","A","121.201658000","25.000910000","3","80","2.08000","86.00000"
"領航北路","一段","A","121.201682000","25.000730000","3","60","2.05000","85.00000"
"領航北路","一段","A","121.201705000","25.000551000","3","40","3.60000","86.00000"
"領航北路","一段","A","121.201729000","25.000372000","3","20","2.83000","82.00000"
"領航北路","一段","A","121.201752000","25.000192000","3","0","3.69000","81.00000"
"高鐵北路","二段","C","121.223135000","25.021683000","4","1540",NULL,"80.00000"
"高鐵北路","二段","C","121.222970000","25.021585000","4","1520","5.91000","80.00000"
"高鐵北路","二段","C","121.222825000","25.021463000","4","1500","4.36000","81.00000"
"高鐵北路","二段","C","121.222692000","25.021329000","4","1480","3.49000","80.00000"
"高鐵北路","二段","C","121.222559000","25.021195000","4","1460","4.04000","80.00000"
"高鐵北路","二段","C","121.222426000","25.021061000","4","1440","4.73000","81.00000"
"高鐵北路","二段","C","121.222299000","25.020923000","4","1420","6.59000","82.00000"
"高鐵北路","二段","C","121.222169000","25.020787000","4","1400","4.09000","82.00000"
"高鐵北路","二段","C","121.222034000","25.020654000","4","1380","3.88000","81.00000"
"高鐵北路","二段","C","121.221900000","25.020522000","4","1360","3.29000","82.00000"
"高鐵北路","二段","C","121.221765000","25.020390000","4","1340","2.90000","81.00000"
"高鐵北路","二段","C","121.221630000","25.020257000","4","1320","2.91000","83.00000"
"高鐵北路","二段","C","121.221495000","25.020125000","4","1300","4.24000","81.00000"
"高鐵北路","二段","C","121.221361000","25.019992000","4","1280","3.35000","81.00000"
"高鐵北路","二段","C","121.221226000","25.019860000","4","1260","4.33000","81.00000"
"高鐵北路","二段","C","121.221092000","25.019726000","4","1240","3.13000","82.00000"
"高鐵北路","二段","C","121.220959000","25.019593000","4","1220","2.48000","81.00000"
"高鐵北路","二段","C","121.220825000","25.019460000","4","1200","2.53000","80.00000"
"高鐵北路","二段","C","121.220694000","25.019324000","4","1180","1.97000","81.00000"
"高鐵北路","二段","C","121.220564000","25.019188000","4","1160","3.69000","82.00000"
"高鐵北路","二段","C","121.220432000","25.019054000","4","1140","2.98000","81.00000"
"高鐵北路","二段","C","121.220299000","25.018920000","4","1120","2.17000","80.00000"
"高鐵北路","二段","C","121.220166000","25.018786000","4","1100","3.28000","82.00000"
"高鐵北路","二段","C","121.220033000","25.018652000","4","1080","2.87000","82.00000"
"高鐵北路","二段","C","121.219888000","25.018530000","4","1060","2.96000","81.00000"
"高鐵北路","二段","C","121.219754000","25.018397000","4","1040","4.24000","82.00000"
"高鐵北路","二段","C","121.219621000","25.018264000","4","1020","2.08000","81.00000"
"高鐵北路","二段","C","121.219487000","25.018130000","4","1000","2.47000","81.00000"
"高鐵北路","二段","C","121.219353000","25.017997000","4","980","1.89000","80.00000"
"高鐵北路","二段","C","121.219219000","25.017864000","4","960","2.09000","81.00000"
"高鐵北路","二段","C","121.219085000","25.017731000","4","940","2.64000","81.00000"
"高鐵北路","二段","C","121.218951000","25.017598000","4","920","3.54000","81.00000"
"高鐵北路","二段","C","121.218817000","25.017465000","4","900","3.69000","82.00000"
"高鐵北路","二段","C","121.218684000","25.017332000","4","880","2.97000","81.00000"
"高鐵北路","二段","C","121.218550000","25.017198000","4","860","2.57000","82.00000"
"高鐵北路","二段","C","121.218416000","25.017065000","4","840","4.21000","79.00000"
"領航北路","一段","A","121.202477000","25.001000000","4","0","3.55000","87.00000"
"領航北路","一段","A","121.202328000","25.001119000","4","20","3.74000","82.00000"
"領航北路","一段","A","121.202176000","25.001235000","4","40","2.82000","84.00000"
"領航北路","一段","A","121.202047000","25.001372000","4","60","4.44000","83.00000"
"領航北路","一段","A","121.201939000","25.001522000","4","80","3.50000","82.00000"
"領航北路","一段","A","121.201861000","25.001688000","3","160","4.36000","82.00000"
"領航北路","一段","A","121.201818000","25.001864000","3","180","4.22000","82.00000"
"領航北路","一段","A","121.201793000","25.002043000","3","200","3.05000","86.00000"
"領航北路","一段","A","121.201770000","25.002222000","3","220","3.43000","84.00000"
"領航北路","一段","A","121.201746000","25.002401000","3","240","3.05000","83.00000"
"領航北路","一段","A","121.201729000","25.002581000","3","260","3.16000","83.00000"
"領航北路","一段","A","121.201706000","25.002760000","3","280","3.06000","82.00000"
"領航北路","一段","A","121.201684000","25.002940000","3","300","2.81000","85.00000"
"領航北路","一段","A","121.201662000","25.003119000","3","320","3.43000","84.00000"
"領航北路","一段","A","121.201640000","25.003299000","3","340","4.27000","83.00000"
"領航北路","一段","A","121.201618000","25.003478000","3","360","4.35000","85.00000"
"領航北路","一段","A","121.201596000","25.003658000","3","380","3.23000","84.00000"
"領航北路","一段","A","121.201574000","25.003837000","3","400","2.35000","84.00000"
"領航北路","一段","A","121.201548000","25.004016000","3","420","4.28000","85.00000"
"領航北路","一段","A","121.201525000","25.004195000","3","440","3.50000","84.00000"
"領航北路","一段","A","121.201502000","25.004375000","3","460","3.09000","84.00000"
"領航北路","一段","A","121.201479000","25.004554000","3","480","2.99000","85.00000"
"領航北路","一段","A","121.201456000","25.004733000","3","500","4.30000","86.00000"
"領航北路","一段","A","121.201433000","25.004913000","3","520","2.38000","84.00000"
"領航北路","一段","A","121.201410000","25.005092000","3","540","2.36000","84.00000"
"領航北路","一段","A","121.201390000","25.005272000","3","560","3.40000","84.00000"
"領航北路","一段","A","121.201367000","25.005451000","3","580","4.49000","84.00000"
"領航北路","一段","A","121.201344000","25.005630000","3","600","3.36000","85.00000"
"領航北路","一段","A","121.201322000","25.005810000","3","620","2.36000","83.00000"
"領航北路","一段","A","121.201300000","25.005989000","3","640","2.50000","83.00000"
"領航北路","一段","A","121.201278000","25.006169000","3","660","4.30000","82.00000"
"領航北路","一段","A","121.201284000","25.006349000","3","680","2.63000","83.00000"
"領航北路","一段","A","121.201297000","25.006529000","3","700","3.53000","86.00000"
"領航北路","三段","A","121.214795000","25.019788000","3","2720","2.80000","83.00000"
"領航北路","三段","A","121.214740000","25.019615000","3","2700","2.30000","82.00000"
"領航北路","三段","A","121.214644000","25.019458000","3","2680","3.87000","84.00000"
"領航北路","三段","A","121.214515000","25.019321000","3","2660","2.76000","83.00000"
"領航北路","三段","A","121.214380000","25.019189000","3","2640","2.66000","82.00000"
"領航北路","三段","A","121.214245000","25.019056000","3","2620","2.82000","81.00000"
"領航北路","三段","A","121.214110000","25.018924000","3","2600","2.20000","85.00000"
"領航北路","三段","A","121.213973000","25.018794000","3","2580","3.04000","82.00000"
"領航北路","三段","A","121.213833000","25.018667000","3","2560","4.16000","84.00000"
"領航北路","三段","A","121.213704000","25.018529000","3","2540","2.45000","84.00000"
"領航北路","三段","A","121.213568000","25.018398000","3","2520","4.32000","83.00000"
"領航北路","三段","A","121.213432000","25.018267000","3","2500","2.64000","84.00000"
"領航北路","三段","A","121.213297000","25.018135000","3","2480","2.52000","82.00000"
"領航北路","三段","A","121.213161000","25.018003000","3","2460","2.92000","83.00000"
"領航北路","三段","A","121.213026000","25.017871000","3","2440","2.72000","82.00000"
"領航北路","三段","A","121.212890000","25.017739000","3","2420","3.15000","86.00000"
"領航北路","三段","A","121.212758000","25.017605000","3","2400","2.68000","85.00000"
"領航北路","三段","A","121.212625000","25.017471000","3","2380","3.55000","82.00000"
"領航北路","三段","A","121.212493000","25.017336000","3","2360","2.42000","84.00000"
"領航北路","三段","A","121.212361000","25.017202000","3","2340","2.81000","82.00000"
"領航北路","三段","A","121.212224000","25.017071000","3","2320","3.61000","83.00000"
"領航北路","三段","A","121.212086000","25.016942000","3","2300","4.02000","81.00000"
"領航北路","三段","A","121.211951000","25.016810000","3","2280","3.51000","84.00000"
"領航北路","三段","A","121.211816000","25.016677000","3","2260","2.26000","83.00000"
"領航北路","三段","A","121.211682000","25.016544000","3","2240","2.77000","82.00000"
"領航北路","三段","A","121.211548000","25.016412000","3","2220","4.01000","83.00000"
"領航北路","三段","A","121.211413000","25.016279000","3","2200","2.36000","83.00000"
"領航北路","三段","A","121.211279000","25.016146000","3","2180","3.52000","82.00000"
"領航北路","三段","A","121.211145000","25.016013000","3","2160","3.80000","83.00000"
"領航北路","三段","A","121.211011000","25.015880000","3","2140","3.84000","82.00000"
"領航北路","三段","A","121.210877000","25.015747000","3","2120","2.69000","84.00000"
"領航北路","三段","A","121.210744000","25.015613000","3","2100","4.32000","83.00000"
"領航北路","三段","A","121.210611000","25.015479000","3","2080","2.08000","82.00000"
"領航北路","三段","A","121.210478000","25.015345000","3","2060","4.18000","84.00000"
"領航北路","三段","A","121.210343000","25.015214000","3","2040","4.46000","83.00000"
"領航北路","三段","A","121.210212000","25.015078000","3","2020","2.29000","84.00000"
"領航北路","三段","A","121.210078000","25.014945000","3","2000","4.12000","84.00000"
"領航北路","三段","A","121.209944000","25.014812000","3","1980","3.15000","83.00000"
"領航北路","三段","A","121.209810000","25.014679000","3","1960","2.48000","82.00000"
"領航北路","三段","A","121.209686000","25.014538000","3","1940","3.82000","82.00000"
"領航北路","三段","A","121.209562000","25.014397000","3","1920","4.47000","83.00000"
"領航北路","三段","A","121.209438000","25.014257000","3","1900","4.18000","84.00000"
"領航北路","三段","A","121.209308000","25.014120000","3","1880","4.38000","82.00000"
"領航北路","三段","A","121.209171000","25.013990000","3","1860","2.88000","82.00000"
"領航北路","三段","A","121.209033000","25.013860000","3","1840","3.62000","82.00000"
"領航北路","三段","A","121.208896000","25.013730000","3","1820","3.01000","83.00000"
"領航北路","三段","A","121.208763000","25.013596000","3","1800","2.28000","84.00000"
"領航北路","三段","A","121.208629000","25.013463000","3","1780","2.90000","85.00000"
"領航北路","三段","A","121.208495000","25.013330000","3","1760","3.78000","85.00000"
"領航北路","三段","A","121.208362000","25.013196000","3","1740","3.93000","84.00000"
"領航北路","三段","A","121.208228000","25.013063000","3","1720","3.49000","83.00000"
"領航北路","三段","A","121.208094000","25.012930000","3","1700","3.92000","81.00000"
"領航北路","三段","A","121.207959000","25.012798000","3","1680","2.61000","83.00000"
"領航北路","三段","A","121.207826000","25.012664000","3","1660","2.33000","82.00000"
"領航北路","三段","A","121.207693000","25.012530000","3","1640","3.93000","88.00000"
"領航北路","三段","A","121.207560000","25.012396000","3","1620","3.55000","84.00000"
"領航北路","三段","A","121.207428000","25.012262000","3","1600","4.43000","86.00000"
"領航北路","三段","A","121.207296000","25.012127000","3","1580","3.02000","85.00000"
"高鐵北路","一段","CX","121.212553000","25.011912000","2","0","2.93000","59.00000"
"高鐵北路","一段","CX","121.212681000","25.012050000","2","20","2.37000","59.00000"
"高鐵北路","一段","CX","121.212813000","25.012185000","2","40","2.03000","59.00000"
"高鐵北路","一段","CX","121.212946000","25.012319000","2","60","2.35000","60.00000"
"高鐵北路","一段","CX","121.213079000","25.012452000","2","80","3.40000","59.00000"
"高鐵北路","一段","CX","121.213213000","25.012585000","2","100","2.88000","60.00000"
"高鐵北路","一段","CX","121.213347000","25.012718000","2","120","2.10000","60.00000"
"高鐵北路","一段","CX","121.213481000","25.012851000","2","140","2.72000","59.00000"
"高鐵北路","一段","CX","121.213615000","25.012984000","2","160","3.57000","59.00000"
"高鐵北路","一段","CX","121.213749000","25.013118000","2","180","2.03000","60.00000"
"高鐵北路","一段","CX","121.213883000","25.013251000","2","200","3.39000","60.00000"
"高鐵北路","一段","CX","121.214017000","25.013384000","2","220","2.58000","59.00000"
"高鐵北路","一段","CX","121.214151000","25.013517000","2","240","3.52000","60.00000"
"高鐵北路","一段","CX","121.214285000","25.013650000","2","260","2.66000","59.00000"
"高鐵北路","一段","CX","121.214419000","25.013783000","2","280","2.52000","59.00000"
"高鐵北路","一段","CX","121.214553000","25.013916000","2","300","2.63000","60.00000"
"高鐵北路","一段","CX","121.214686000","25.014049000","2","320","2.90000","60.00000"
"高鐵北路","一段","CX","121.214820000","25.014182000","2","340","2.26000","59.00000"
"高鐵北路","一段","CX","121.214954000","25.014315000","2","360","2.14000","59.00000"
"高鐵北路","一段","CX","121.215088000","25.014449000","2","380","3.52000","59.00000"
"高鐵北路","一段","CX","121.215223000","25.014581000","2","400","2.54000","60.00000"
"高鐵北路","一段","CX","121.215361000","25.014710000","2","420","3.34000","59.00000"
"高鐵北路","一段","CX","121.215503000","25.014836000","2","440","2.56000","59.00000"
"高鐵北路","一段","CX","121.215673000","25.014927000","2","460","3.32000","59.00000"
"高鐵北路","一段","CX","121.215864000","25.014973000","2","480","3.26000","58.00000"
"高鐵北路","一段","CX","121.216057000","25.014944000","2","500","3.78000","59.00000"
"高鐵北路","一段","CX","121.216234000","25.014864000","2","520","4.12000","60.00000"
"高鐵北路","一段","CX","121.216387000","25.014749000","2","540","1.78000","59.00000"
"高鐵北路","一段","CX","121.216537000","25.014632000","2","560","3.13000","60.00000"
"高鐵北路","一段","CX","121.216687000","25.014514000","2","580","2.23000","59.00000"
"高鐵北路","一段","CX","121.216837000","25.014396000","2","600","4.69000","59.00000"
"高鐵北路","一段","CX","121.216988000","25.014278000","2","620","3.45000","60.00000"
"高鐵北路","一段","C","121.218439000","25.016887000","2","820","1.52000","81.00000"
"高鐵北路","一段","C","121.218305000","25.016754000","2","800","1.99000","79.00000"
"高鐵北路","一段","C","121.218170000","25.016622000","2","780","3.56000","79.00000"
"高鐵北路","一段","C","121.218035000","25.016490000","2","760","3.00000","80.00000"
"高鐵北路","一段","C","121.217889000","25.016369000","2","740","4.05000","81.00000"
"高鐵北路","一段","C","121.217731000","25.016260000","2","720","5.41000","80.00000"
"高鐵北路","一段","C","121.217572000","25.016153000","2","700","3.79000","80.00000"
"高鐵北路","一段","C","121.217404000","25.016057000","2","680","2.54000","81.00000"
"高鐵北路","一段","C","121.217229000","25.015974000","2","660","3.12000","81.00000"
"高鐵北路","一段","C","121.217049000","25.015899000","2","640","2.07000","80.00000"
"高鐵北路","一段","C","121.216868000","25.015824000","2","620","2.34000","81.00000"
"高鐵北路","一段","C","121.216682000","25.015762000","2","600","2.51000","81.00000"
"高鐵北路","一段","C","121.216496000","25.015701000","2","580","2.57000","81.00000"
"高鐵北路","一段","C","121.216316000","25.015626000","2","560","1.87000","82.00000"
"高鐵北路","一段","C","121.216142000","25.015539000","2","540","2.37000","81.00000"
"高鐵北路","一段","C","121.215976000","25.015441000","2","520","3.65000","82.00000"
"高鐵北路","一段","C","121.215819000","25.015332000","2","500","2.26000","82.00000"
"高鐵北路","一段","C","121.215654000","25.015232000","2","480","2.47000","82.00000"
"高鐵北路","一段","C","121.215503000","25.015115000","2","460","1.88000","82.00000"
"高鐵北路","一段","C","121.215369000","25.014983000","2","440","1.78000","81.00000"
"高鐵北路","一段","C","121.215236000","25.014848000","2","420","1.20000","81.00000"
"高鐵北路","一段","C","121.215103000","25.014714000","2","400","2.20000","82.00000"
"高鐵北路","一段","C","121.214970000","25.014580000","2","380","1.40000","81.00000"
"高鐵北路","一段","C","121.214838000","25.014446000","2","360","3.30000","81.00000"
"高鐵北路","一段","C","121.214705000","25.014312000","2","340","3.20000","81.00000"
"高鐵北路","一段","C","121.214572000","25.014178000","2","320","2.10000","81.00000"
"高鐵北路","一段","C","121.214440000","25.014044000","2","300","1.20000","81.00000"
"高鐵北路","一段","C","121.214307000","25.013910000","2","280","2.30000","82.00000"
"高鐵北路","一段","C","121.214174000","25.013776000","2","260","3.20000","81.00000"
"高鐵北路","一段","C","121.214042000","25.013642000","2","240","1.20000","82.00000"
"高鐵北路","一段","C","121.213909000","25.013507000","2","220","1.80000","81.00000"
"高鐵北路","一段","C","121.213776000","25.013373000","2","200","2.21000","81.00000"
"高鐵北路","一段","C","121.213643000","25.013239000","2","180","2.12000","81.00000"
"高鐵北路","一段","C","121.213511000","25.013105000","2","160","2.10000","80.00000"
"高鐵北路","一段","C","121.213378000","25.012971000","2","140","2.30000","82.00000"
"高鐵北路","一段","C","121.213245000","25.012837000","2","120","2.10000","81.00000"
"高鐵北路","一段","C","121.213113000","25.012703000","2","100","3.18000","81.00000"
"高鐵北路","一段","C","121.212980000","25.012569000","2","80","1.74000","80.00000"
"高鐵北路","一段","C","121.212846000","25.012436000","2","60","1.76000","82.00000"
"高鐵北路","一段","C","121.212711000","25.012303000","2","40","1.90000","81.00000"
"高鐵北路","一段","C","121.212577000","25.012171000","2","20","1.58000","82.00000"
"高鐵北路","一段","C","121.212443000","25.012038000","2","0","2.87000","81.00000"
"高鐵北路","一段","C","121.218330000","25.016979000","4","820","2.60000","81.00000"
"高鐵北路","一段","C","121.218197000","25.016846000","4","800","3.51000","79.00000"
"高鐵北路","一段","C","121.218063000","25.016713000","4","780","2.18000","79.00000"
"高鐵北路","一段","C","121.217927000","25.016581000","4","760","4.43000","80.00000"
"高鐵北路","一段","C","121.217785000","25.016456000","4","740","2.61000","81.00000"
"高鐵北路","一段","C","121.217637000","25.016336000","4","720","5.71000","80.00000"
"高鐵北路","一段","C","121.217474000","25.016233000","4","700","13.21000","80.00000"
"高鐵北路","一段","C","121.217304000","25.016142000","4","680","5.76000","81.00000"
"高鐵北路","一段","C","121.217125000","25.016064000","4","660","1.67000","81.00000"
"高鐵北路","一段","C","121.216945000","25.015989000","4","640","4.66000","80.00000"
"高鐵北路","一段","C","121.216760000","25.015924000","4","620","4.02000","81.00000"
"高鐵北路","一段","C","121.216577000","25.015855000","4","600","2.48000","81.00000"
"高鐵北路","一段","C","121.216395000","25.015784000","4","580","3.24000","81.00000"
"高鐵北路","一段","C","121.216218000","25.015703000","4","560","3.31000","82.00000"
"高鐵北路","一段","C","121.216049000","25.015610000","4","540","3.92000","81.00000"
"高鐵北路","一段","C","121.215884000","25.015510000","4","520","3.34000","82.00000"
"高鐵北路","一段","C","121.215724000","25.015403000","4","500","3.78000","82.00000"
"高鐵北路","一段","C","121.215566000","25.015294000","4","480","4.93000","82.00000"
"高鐵北路","一段","C","121.215438000","25.015157000","4","460","5.64000","82.00000"
"高鐵北路","一段","C","121.215303000","25.015024000","4","440","2.55000","81.00000"
"高鐵北路","一段","C","121.215170000","25.014890000","4","420","2.20000","81.00000"
"高鐵北路","一段","C","121.215038000","25.014756000","4","400","1.70000","82.00000"
"高鐵北路","一段","C","121.214905000","25.014622000","4","380","2.30000","81.00000"
"高鐵北路","一段","C","121.214772000","25.014488000","4","360","3.20000","81.00000"
"高鐵北路","一段","C","121.214640000","25.014354000","4","340","2.10000","81.00000"
"高鐵北路","一段","C","121.214507000","25.014220000","4","320","1.80000","81.00000"
"高鐵北路","一段","C","121.214374000","25.014086000","4","300","2.30000","81.00000"
"高鐵北路","一段","C","121.214242000","25.013951000","4","280","3.20000","82.00000"
"高鐵北路","一段","C","121.214109000","25.013817000","4","260","1.20000","81.00000"
"高鐵北路","一段","C","121.213976000","25.013683000","4","240","1.80000","82.00000"
"高鐵北路","一段","C","121.213843000","25.013549000","4","220","2.20000","81.00000"
"高鐵北路","一段","C","121.213711000","25.013415000","4","200","2.73000","81.00000"
"高鐵北路","一段","C","121.213578000","25.013281000","4","180","2.30000","81.00000"
"高鐵北路","一段","C","121.213445000","25.013147000","4","160","2.71000","80.00000"
"高鐵北路","一段","C","121.213313000","25.013013000","4","140","3.98000","82.00000"
"高鐵北路","一段","C","121.213180000","25.012879000","4","120","2.97000","81.00000"
"高鐵北路","一段","C","121.213047000","25.012745000","4","100","3.89000","81.00000"
"高鐵北路","一段","C","121.212914000","25.012611000","4","80","3.49000","80.00000"
"高鐵北路","一段","C","121.212780000","25.012478000","4","60","3.63000","82.00000"
"高鐵北路","一段","C","121.212646000","25.012345000","4","40","2.93000","81.00000"
"高鐵北路","一段","C","121.212511000","25.012212000","4","20","2.11000","82.00000"
"高鐵北路","一段","C","121.212377000","25.012080000","4","0","2.56000","81.00000"
"高鐵北路","一段","ELA","121.213703000","25.010700000","4","0","2.88000","64.00000"
"高鐵北路","一段","ELA","121.213615000","25.010862000","4","20","3.44000","64.00000"
"高鐵北路","一段","ELA","121.213525000","25.011022000","4","40","3.30000","64.00000"
"高鐵北路","一段","ELA","121.213429000","25.011180000","4","60","3.31000","65.00000"
"高鐵北路","一段","ELA","121.213324000","25.011333000","4","80","3.56000","64.00000"
"高鐵北路","一段","ELA","121.213188000","25.011464000","4","100","3.41000","64.00000"
"高鐵北路","一段","ELA","121.213051000","25.011594000","4","120","3.58000","74.00000"
"高鐵北路","一段","ELA","121.212919000","25.011729000","4","140","3.38000","75.00000"
"高鐵北路","一段","ELA","121.212814000","25.011878000","4","160","2.89000","75.00000"
"高鐵北路","一段","ELA","121.212822000","25.012056000","4","180",NULL,"67.00000"
"領航北路","四段","A","121.215066000","25.019928000","3","2740","2.08000","83.00000"
"領航北路","四段","A","121.215060000","25.020108000","3","2760","3.78000","84.00000"
"領航北路","四段","A","121.215051000","25.020289000","3","2780","3.11000","84.00000"
"領航北路","四段","A","121.215054000","25.020469000","3","2800","2.80000","84.00000"
"領航北路","四段","A","121.215060000","25.020649000","3","2820","4.00000","85.00000"
"領航北路","四段","A","121.215077000","25.020829000","3","2840","2.39000","83.00000"
"領航北路","四段","A","121.215099000","25.021009000","3","2860","4.45000","84.00000"
"領航北路","四段","A","121.215134000","25.021186000","3","2880","2.09000","84.00000"
"領航北路","四段","A","121.215179000","25.021362000","3","2900","2.12000","83.00000"
"領航北路","四段","A","121.215232000","25.021536000","3","2920","2.70000","83.00000"
"領航北路","四段","A","121.215294000","25.021707000","3","2940","3.71000","85.00000"
"領航北路","四段","A","121.215363000","25.021876000","3","2960","4.02000","84.00000"
"領航北路","四段","A","121.215438000","25.022043000","3","2980","2.04000","83.00000"
"領航北路","四段","A","121.215529000","25.022204000","3","3000","2.93000","83.00000"
"領航北路","四段","A","121.215622000","25.022363000","3","3020","3.15000","84.00000"
"領航北路","四段","A","121.215721000","25.022520000","3","3040","2.92000","86.00000"
"領航北路","四段","A","121.215834000","25.022668000","3","3060","4.44000","84.00000"
"領航北路","四段","A","121.215949000","25.022815000","3","3080","2.33000","82.00000"
"領航北路","四段","A","121.216078000","25.022952000","3","3100","2.96000","84.00000"
"領航北路","四段","A","121.216207000","25.023089000","3","3120","2.72000","84.00000"
"領航北路","四段","A","121.216337000","25.023226000","3","3140","3.28000","83.00000"
"領航北路","四段","A","121.216468000","25.023361000","3","3160","4.06000","83.00000"
"領航北路","四段","A","121.216602000","25.023494000","3","3180","3.15000","84.00000"
"領航北路","四段","A","121.216736000","25.023627000","3","3200","3.21000","82.00000"
"領航北路","四段","A","121.216869000","25.023761000","3","3220","2.84000","83.00000"
"領航北路","四段","A","121.217003000","25.023894000","3","3240","2.40000","83.00000"
"領航北路","四段","A","121.217137000","25.024027000","3","3260","3.77000","84.00000"
"領航北路","四段","A","121.217269000","25.024161000","3","3280","3.80000","84.00000"
"領航北路","四段","A","121.217401000","25.024296000","3","3300","3.44000","84.00000"
"領航北路","四段","A","121.217533000","25.024431000","3","3320","2.69000","84.00000"
"領航北路","四段","A","121.217666000","25.024565000","3","3340","3.15000","83.00000"
"領航北路","四段","A","121.217798000","25.024700000","3","3360","2.32000","82.00000"
"領航北路","四段","A","121.217930000","25.024834000","3","3380","2.36000","84.00000"
"領航北路","四段","A","121.218062000","25.024969000","3","3400","4.44000","82.00000"
"領航北路","四段","A","121.218201000","25.025098000","3","3420","3.84000","85.00000"
"領航北路","四段","A","121.218360000","25.025204000","3","3440","2.15000","84.00000"
"領航北路","四段","A","121.218547000","25.025258000","3","3460","3.87000","84.00000"
"領航北路","四段","A","121.218744000","25.025262000","3","3480","2.58000","83.00000"
"領航北路","四段","A","121.218933000","25.025210000","3","3500","3.38000","83.00000"
"領航北路","四段","A","121.219093000","25.025106000","3","3520","3.77000","83.00000"
"領航北路","四段","A","121.219241000","25.024985000","3","3540","3.46000","83.00000"
"領航北路","四段","A","121.219388000","25.024864000","3","3560","3.73000","84.00000"
"領航北路","四段","A","121.219535000","25.024744000","3","3580","4.24000","85.00000"
"領航北路","四段","A","121.219682000","25.024623000","3","3600","2.05000","83.00000"
"領航北路","四段","A","121.219830000","25.024502000","3","3620","3.33000","82.00000"
"領航北路","四段","A","121.219977000","25.024382000","3","3640","2.51000","84.00000"
"領航北路","四段","A","121.220124000","25.024261000","3","3660","2.88000","83.00000"
"領航北路","四段","A","121.220270000","25.024138000","3","3680","3.84000","84.00000"
"領航北路","四段","A","121.220416000","25.024016000","3","3700","3.88000","84.00000"
"領航北路","四段","A","121.220561000","25.023893000","3","3720","2.73000","84.00000"
"領航北路","四段","A","121.220707000","25.023771000","3","3740","3.96000","83.00000"
"領航北路","四段","A","121.220852000","25.023648000","3","3760","2.20000","83.00000"
"領航北路","四段","A","121.220997000","25.023525000","3","3780","4.07000","83.00000"
"領航北路","四段","A","121.221143000","25.023402000","3","3800","4.02000","83.00000"
"領航北路","四段","A","121.221289000","25.023280000","3","3820","2.87000","83.00000"
"領航北路","四段","A","121.221436000","25.023160000","3","3840","4.19000","84.00000"
"領航北路","四段","A","121.221584000","25.023039000","3","3860","3.09000","84.00000"
"領航北路","四段","A","121.221731000","25.022918000","3","3880","3.71000","84.00000"
"領航北路","四段","A","121.221879000","25.022798000","3","3900","2.29000","84.00000"
"領航北路","四段","A","121.222024000","25.022675000","3","3920","4.12000","83.00000"
"領航北路","四段","A","121.222169000","25.022552000","3","3940","2.25000","83.00000"
"領航北路","四段","A","121.222315000","25.022429000","3","3960","2.59000","83.00000"
"領航北路","四段","A","121.222460000","25.022307000","3","3980","3.78000","84.00000"
"領航北路","四段","A","121.222605000","25.022184000","3","4000","2.20000","84.00000"
"領航北路","四段","A","121.222750000","25.022061000","3","4020","4.43000","84.00000"
"領航北路","四段","A","121.222895000","25.021938000","3","4040","3.48000","84.00000"
"領航北路","四段","A","121.223041000","25.021816000","3","4060","4.08000","84.00000"
"領航北路","四段","A","121.223190000","25.021696000","3","4080","4.19000","84.00000"
"領航北路","四段","A","121.223366000","25.021886000","3","4120","3.47000","0.00000"
"領航北路","四段","A","121.223218000","25.022007000","3","4100","2.38000","0.00000"
"領航北路","四段","A","121.223073000","25.022130000","3","4080","3.01000","83.00000"
"領航北路","四段","A","121.222928000","25.022252000","3","4060","3.52000","84.00000"
"領航北路","四段","A","121.222782000","25.022375000","3","4040","4.25000","81.00000"
"領航北路","四段","A","121.222637000","25.022498000","3","4020","3.80000","83.00000"
"領航北路","四段","A","121.222491000","25.022620000","3","4000","3.09000","82.00000"
"領航北路","四段","A","121.222346000","25.022743000","3","3980","2.48000","84.00000"
"領航北路","四段","A","121.222200000","25.022865000","3","3960","3.31000","85.00000"
"領航北路","四段","A","121.222053000","25.022986000","3","3940","2.28000","83.00000"
"領航北路","四段","A","121.221907000","25.023108000","3","3920","3.40000","83.00000"
"領航北路","四段","A","121.221760000","25.023230000","3","3900","4.08000","82.00000"
"領航北路","四段","A","121.221614000","25.023351000","3","3880","2.40000","82.00000"
"領航北路","四段","A","121.221467000","25.023472000","3","3860","3.77000","83.00000"
"領航北路","四段","A","121.221320000","25.023594000","3","3840","2.32000","81.00000"
"領航北路","四段","A","121.221173000","25.023715000","3","3820","4.44000","82.00000"
"領航北路","四段","A","121.221027000","25.023836000","3","3800","2.31000","81.00000"
"領航北路","四段","A","121.220880000","25.023958000","3","3780","2.28000","82.00000"
"領航北路","四段","A","121.220733000","25.024079000","3","3760","2.53000","82.00000"
"領航北路","四段","A","121.220588000","25.024202000","3","3740","3.51000","81.00000"
"領航北路","四段","A","121.220442000","25.024325000","3","3720","2.92000","82.00000"
"領航北路","四段","A","121.220297000","25.024448000","3","3700","4.50000","82.00000"
"領航北路","四段","A","121.220152000","25.024571000","3","3680","2.97000","82.00000"
"領航北路","四段","A","121.220007000","25.024694000","3","3660","2.06000","83.00000"
"領航北路","四段","A","121.219862000","25.024817000","3","3640","2.55000","82.00000"
"領航北路","四段","A","121.219716000","25.024939000","3","3620","3.75000","82.00000"
"領航北路","四段","A","121.219569000","25.025060000","3","3600","2.66000","83.00000"
"領航北路","四段","A","121.219422000","25.025181000","3","3580","3.02000","82.00000"
"領航北路","四段","A","121.219276000","25.025303000","3","3560","2.56000","81.00000"
"領航北路","四段","A","121.219119000","25.025412000","3","3540","3.24000","83.00000"
"領航北路","四段","A","121.218937000","25.025483000","3","3520","3.27000","84.00000"
"領航北路","四段","A","121.218743000","25.025519000","3","3500","2.39000","83.00000"
"領航北路","四段","A","121.218546000","25.025515000","3","3480","3.31000","81.00000"
"領航北路","四段","A","121.218353000","25.025474000","3","3460","3.99000","84.00000"
"領航北路","四段","A","121.218176000","25.025395000","3","3440","4.20000","82.00000"
"領航北路","四段","A","121.218023000","25.025281000","3","3420","2.36000","82.00000"
"領航北路","四段","A","121.217885000","25.025151000","3","3400","3.46000","83.00000"
"領航北路","四段","A","121.217750000","25.025019000","3","3380","4.03000","84.00000"
"領航北路","四段","A","121.217615000","25.024887000","3","3360","4.19000","82.00000"
"領航北路","四段","A","121.217481000","25.024753000","3","3340","3.35000","83.00000"
"領航北路","四段","A","121.217348000","25.024619000","3","3320","2.99000","82.00000"
"領航北路","四段","A","121.217215000","25.024485000","3","3300","4.25000","82.00000"
"領航北路","四段","A","121.217082000","25.024351000","3","3280","3.71000","82.00000"
"領航北路","四段","A","121.216949000","25.024217000","3","3260","2.97000","83.00000"
"領航北路","四段","A","121.216816000","25.024084000","3","3240","2.63000","82.00000"
"領航北路","四段","A","121.216684000","25.023949000","3","3220","3.27000","83.00000"
"領航北路","四段","A","121.216552000","25.023815000","3","3200","3.10000","82.00000"
"領航北路","四段","A","121.216420000","25.023680000","3","3180","4.07000","83.00000"
"領航北路","四段","A","121.216287000","25.023546000","3","3160","3.50000","82.00000"
"領航北路","四段","A","121.216154000","25.023412000","3","3140","2.08000","83.00000"
"領航北路","四段","A","121.216023000","25.023277000","3","3120","3.68000","82.00000"
"領航北路","四段","A","121.215893000","25.023140000","3","3100","3.73000","83.00000"
"領航北路","四段","A","121.215764000","25.023003000","3","3080","2.31000","82.00000"
"領航北路","四段","A","121.215646000","25.022859000","3","3060","3.68000","83.00000"
"領航北路","四段","A","121.215532000","25.022711000","3","3040","3.70000","84.00000"
"領航北路","四段","A","121.215428000","25.022557000","3","3020","2.85000","82.00000"
"領航北路","四段","A","121.215330000","25.022400000","3","3000","2.20000","82.00000"
"領航北路","四段","A","121.215240000","25.022240000","3","2980","2.82000","84.00000"
"領航北路","四段","A","121.215153000","25.022078000","3","2960","4.45000","83.00000"
"領航北路","四段","A","121.215083000","25.021909000","3","2940","3.61000","84.00000"
"領航北路","四段","A","121.215014000","25.021739000","3","2920","4.08000","83.00000"
"領航北路","四段","A","121.214956000","25.021567000","3","2900","3.59000","84.00000"
"領航北路","四段","A","121.214903000","25.021393000","3","2880","2.87000","83.00000"
"領航北路","四段","A","121.214861000","25.021216000","3","2860","4.22000","82.00000"
"領航北路","四段","A","121.214825000","25.021039000","3","2840","4.39000","83.00000"
"領航北路","四段","A","121.214794000","25.020861000","3","2820","2.83000","82.00000"
"領航北路","四段","A","121.214771000","25.020682000","3","2800","2.35000","83.00000"
"領航北路","四段","A","121.214769000","25.020501000","3","2780","4.03000","84.00000"
"領航北路","四段","A","121.214767000","25.020320000","3","2760","2.74000","83.00000"
"領航北路","四段","A","121.214780000","25.020140000","3","2740","4.41000","82.00000"
"高鐵北路","一段","CA","121.217934000","25.016327000","2","740","3.03000","79.00000"
"高鐵北路","一段","CA","121.217846000","25.016166000","2","720","2.89000","74.00000"
"高鐵北路","一段","CA","121.217771000","25.015999000","2","700","2.69000","73.00000"
"高鐵北路","一段","CA","121.217712000","25.015827000","2","680","1.82000","71.00000"
"高鐵北路","一段","CA","121.217667000","25.015651000","2","660","2.19000","80.00000"
"高鐵北路","一段","CA","121.217634000","25.015473000","2","640","2.94000","78.00000"
"高鐵北路","一段","CA","121.217613000","25.015293000","2","620","2.22000","80.00000"
"高鐵北路","一段","CA","121.217594000","25.015114000","2","600","2.58000","78.00000"
"高鐵北路","一段","CA","121.217572000","25.014934000","2","580","3.51000","78.00000"
"高鐵北路","一段","CA","121.217527000","25.014759000","2","560","1.52000","81.00000"
"高鐵北路","一段","CA","121.217444000","25.014595000","2","540","2.67000","80.00000"
"高鐵北路","一段","CA","121.217354000","25.014434000","2","520","3.01000","79.00000"
"高鐵北路","一段","CA","121.217258000","25.014276000","2","500",NULL,"79.00000"
"高鐵北路","二段","C","121.223210000","25.021639000","2","1540",NULL,"80.00000"
"高鐵北路","二段","C","121.223072000","25.021509000","2","1520","5.28000","80.00000"
"高鐵北路","二段","C","121.222939000","25.021376000","2","1500","4.49000","81.00000"
"高鐵北路","二段","C","121.222805000","25.021243000","2","1480","4.23000","80.00000"
"高鐵北路","二段","C","121.222671000","25.021110000","2","1460","1.60000","80.00000"
"高鐵北路","二段","C","121.222537000","25.020976000","2","1440","2.70000","81.00000"
"高鐵北路","二段","C","121.222403000","25.020843000","2","1420","4.14000","82.00000"
"高鐵北路","二段","C","121.222270000","25.020710000","2","1400","3.98000","82.00000"
"高鐵北路","二段","C","121.222137000","25.020576000","2","1380","3.88000","81.00000"
"高鐵北路","二段","C","121.222005000","25.020441000","2","1360","1.90000","82.00000"
"高鐵北路","二段","C","121.221873000","25.020307000","2","1340","2.26000","81.00000"
"高鐵北路","二段","C","121.221741000","25.020172000","2","1320","1.78000","83.00000"
"高鐵北路","二段","C","121.221609000","25.020038000","2","1300","2.00000","81.00000"
"高鐵北路","二段","C","121.221477000","25.019903000","2","1280","2.48000","81.00000"
"高鐵北路","二段","C","121.221344000","25.019769000","2","1260","3.26000","81.00000"
"高鐵北路","二段","C","121.221209000","25.019637000","2","1240","1.36000","82.00000"
"高鐵北路","二段","C","121.221074000","25.019505000","2","1220","2.20000","81.00000"
"高鐵北路","二段","C","121.220939000","25.019372000","2","1200","0.91000","80.00000"
"高鐵北路","二段","C","121.220804000","25.019240000","2","1180","1.32000","81.00000"
"高鐵北路","二段","C","121.220669000","25.019108000","2","1160","2.27000","82.00000"
"高鐵北路","二段","C","121.220534000","25.018976000","2","1140","1.60000","81.00000"
"高鐵北路","二段","C","121.220399000","25.018844000","2","1120","0.96000","80.00000"
"高鐵北路","二段","C","121.220264000","25.018712000","2","1100","2.30000","82.00000"
"高鐵北路","二段","C","121.220129000","25.018579000","2","1080","1.66000","82.00000"
"高鐵北路","二段","C","121.219994000","25.018447000","2","1060","1.55000","81.00000"
"高鐵北路","二段","C","121.219861000","25.018313000","2","1040","2.41000","82.00000"
"高鐵北路","二段","C","121.219727000","25.018180000","2","1020","3.71000","81.00000"
"高鐵北路","二段","C","121.219594000","25.018046000","2","1000","2.19000","81.00000"
"高鐵北路","二段","C","121.219461000","25.017913000","2","980","1.82000","80.00000"
"高鐵北路","二段","C","121.219327000","25.017779000","2","960","1.20000","81.00000"
"高鐵北路","二段","C","121.219194000","25.017645000","2","940","2.92000","81.00000"
"高鐵北路","二段","C","121.219061000","25.017512000","2","920","1.03000","81.00000"
"高鐵北路","二段","C","121.218927000","25.017378000","2","900","0.93000","82.00000"
"高鐵北路","二段","C","121.218794000","25.017245000","2","880","1.82000","81.00000"
"高鐵北路","二段","C","121.218661000","25.017111000","2","860","2.07000","82.00000"
"高鐵北路","二段","C","121.218528000","25.016977000","2","840","1.70000","79.00000"
"高鐵北路","二段","C","121.218897000","25.016675000","2","880","1.01000","81.00000"
"高鐵北路","二段","C","121.219032000","25.016806000","2","900","2.65000","82.00000"
"高鐵北路","二段","C","121.219166000","25.016939000","2","920","2.15000","82.00000"
"高鐵北路","二段","C","121.219300000","25.017073000","2","940","1.24000","81.00000"
"高鐵北路","二段","C","121.219433000","25.017206000","2","960","2.32000","81.00000"
"高鐵北路","二段","C","121.219568000","25.017339000","2","980","2.45000","81.00000"
"高鐵北路","二段","C","121.219701000","25.017472000","2","1000","2.16000","82.00000"
"高鐵北路","二段","C","121.219835000","25.017605000","2","1020","1.80000","82.00000"
"高鐵北路","二段","C","121.219969000","25.017739000","2","1040","0.89000","82.00000"
"高鐵北路","二段","C","121.220103000","25.017872000","2","1060","2.66000","82.00000"
"高鐵北路","二段","C","121.220237000","25.018005000","2","1080","4.18000","81.00000"
"高鐵北路","二段","C","121.220371000","25.018138000","2","1100","2.51000","81.00000"
"高鐵北路","二段","C","121.220504000","25.018272000","2","1120","3.71000","82.00000"
"高鐵北路","二段","C","121.220637000","25.018405000","2","1140","4.15000","80.00000"
"高鐵北路","二段","C","121.220771000","25.018538000","2","1160","2.69000","81.00000"
"高鐵北路","二段","C","121.220905000","25.018671000","2","1180","2.06000","81.00000"
"高鐵北路","二段","C","121.221039000","25.018804000","2","1200","1.82000","82.00000"
"高鐵北路","二段","C","121.221173000","25.018938000","2","1220","3.45000","82.00000"
"高鐵北路","二段","C","121.221307000","25.019071000","2","1240","2.08000","82.00000"
"高鐵北路","二段","C","121.221441000","25.019204000","2","1260","2.01000","83.00000"
"高鐵北路","二段","C","121.221575000","25.019337000","2","1280","7.90000","82.00000"
"高鐵北路","二段","C","121.221708000","25.019470000","2","1300","5.99000","82.00000"
"高鐵北路","二段","C","121.221843000","25.019602000","2","1320","3.65000","82.00000"
"高鐵北路","二段","C","121.221978000","25.019734000","2","1340","2.82000","81.00000"
"高鐵北路","二段","C","121.222114000","25.019866000","2","1360","3.70000","81.00000"
"高鐵北路","二段","C","121.222248000","25.019999000","2","1380","2.74000","81.00000"
"高鐵北路","二段","C","121.222384000","25.020131000","2","1400","4.32000","83.00000"
"高鐵北路","二段","C","121.222518000","25.020263000","2","1420","4.33000","81.00000"
"高鐵北路","二段","C","121.222653000","25.020396000","2","1440","4.47000","83.00000"
"高鐵北路","二段","C","121.222787000","25.020529000","2","1460","3.46000","82.00000"
"高鐵北路","二段","C","121.222921000","25.020662000","2","1480","3.22000","82.00000"
"高鐵北路","二段","C","121.223054000","25.020796000","2","1500","3.57000","80.00000"
"高鐵北路","二段","C","121.223187000","25.020929000","2","1520","1.69000","82.00000"
"高鐵北路","二段","C","121.223322000","25.021062000","2","1540","2.58000","81.00000"
"高鐵北路","二段","C","121.223457000","25.021194000","2","1560",NULL,"82.00000"
"高鐵北路","二段","C","121.223591000","25.021327000","2","1580",NULL,NULL
"領航北路","二段","A","121.201348000","25.006690000","3","720","3.24000","85.00000"
"領航北路","二段","A","121.201422000","25.006857000","3","740","4.62000","84.00000"
"領航北路","二段","A","121.201522000","25.007013000","3","760","3.35000","84.00000"
"領航北路","二段","A","121.201634000","25.007162000","3","780","2.48000","84.00000"
"領航北路","二段","A","121.201775000","25.007288000","3","800","3.50000","84.00000"
"領航北路","二段","A","121.201927000","25.007404000","3","820","2.96000","83.00000"
"領航北路","二段","A","121.202091000","25.007506000","3","840","2.11000","83.00000"
"領航北路","二段","A","121.202260000","25.007600000","3","860","2.56000","84.00000"
"領航北路","二段","A","121.202431000","25.007690000","3","880","3.25000","82.00000"
"領航北路","二段","A","121.202598000","25.007788000","3","900","3.92000","86.00000"
"領航北路","二段","A","121.202765000","25.007885000","3","920","4.12000","83.00000"
"領航北路","二段","A","121.202932000","25.007982000","3","940","2.58000","82.00000"
"領航北路","二段","A","121.203098000","25.008081000","3","960","3.04000","85.00000"
"領航北路","二段","A","121.203263000","25.008181000","3","980","2.62000","84.00000"
"領航北路","二段","A","121.203429000","25.008278000","3","1000","4.31000","84.00000"
"領航北路","二段","A","121.203596000","25.008376000","3","1020","2.65000","82.00000"
"領航北路","二段","A","121.203763000","25.008473000","3","1040","3.83000","83.00000"
"領航北路","二段","A","121.203930000","25.008571000","3","1060","4.06000","82.00000"
"領航北路","二段","A","121.204097000","25.008668000","3","1080","3.40000","83.00000"
"領航北路","二段","A","121.204264000","25.008766000","3","1100","3.45000","84.00000"
"領航北路","二段","A","121.204413000","25.008882000","3","1120","4.10000","83.00000"
"領航北路","二段","A","121.204546000","25.009016000","3","1140","2.21000","83.00000"
"領航北路","二段","A","121.204679000","25.009150000","3","1160","2.06000","85.00000"
"領航北路","二段","A","121.204812000","25.009283000","3","1180","2.87000","84.00000"
"領航北路","二段","A","121.204945000","25.009417000","3","1200","3.91000","83.00000"
"領航北路","二段","A","121.205079000","25.009551000","3","1220","4.15000","83.00000"
"領航北路","二段","A","121.205212000","25.009684000","3","1240","3.88000","83.00000"
"領航北路","二段","A","121.205346000","25.009818000","3","1260","2.58000","85.00000"
"領航北路","二段","A","121.205479000","25.009951000","3","1280","4.45000","83.00000"
"領航北路","二段","A","121.205611000","25.010086000","3","1300","2.83000","84.00000"
"領航北路","二段","A","121.205744000","25.010219000","3","1320","2.04000","82.00000"
"領航北路","二段","A","121.205880000","25.010351000","3","1340","3.65000","84.00000"
"領航北路","二段","A","121.206015000","25.010483000","3","1360","2.80000","83.00000"
"領航北路","二段","A","121.206150000","25.010615000","3","1380","3.19000","84.00000"
"領航北路","二段","A","121.206284000","25.010748000","3","1400","2.24000","83.00000"
"領航北路","二段","A","121.206418000","25.010881000","3","1420","4.33000","85.00000"
"領航北路","二段","A","121.206552000","25.011015000","3","1440","3.68000","82.00000"
"領航北路","二段","A","121.206686000","25.011148000","3","1460","3.51000","86.00000"
"領航北路","二段","A","121.206819000","25.011281000","3","1480","3.18000","82.00000"
"領航北路","二段","A","121.206951000","25.011416000","3","1500","3.98000","86.00000"
"領航北路","二段","A","121.207085000","25.011549000","3","1520","3.40000","84.00000"
"領航北路","二段","A","121.207219000","25.011682000","3","1540","3.38000","82.00000"
"領航北路","二段","A","121.207354000","25.011814000","3","1560","3.13000","83.00000"
"高鐵南路","一段","B","121.207995000","25.006030000","2","780","2.04000","78.00000"
"高鐵南路","一段","B","121.208127000","25.006164000","2","800","2.79000","77.00000"
"高鐵南路","一段","B","121.208261000","25.006297000","2","820","3.25000","79.00000"
"高鐵南路","一段","B","121.208395000","25.006430000","2","840","3.59000","76.00000"
"高鐵南路","一段","B","121.208529000","25.006563000","2","860","3.55000","79.00000"
"高鐵南路","一段","B","121.208663000","25.006696000","2","880","3.16000","78.00000"
"高鐵南路","一段","B","121.208797000","25.006829000","2","900","8.26000","78.00000"
"高鐵南路","一段","B","121.208931000","25.006962000","2","920","3.03000","78.00000"
"高鐵南路","一段","B","121.209065000","25.007095000","2","940","5.09000","78.00000"
"高鐵南路","一段","B","121.209200000","25.007228000","2","960","1.44000","77.00000"
"高鐵南路","一段","B","121.209332000","25.007362000","2","980","1.42000","78.00000"
"高鐵南路","一段","B","121.209465000","25.007496000","2","1000","1.85000","78.00000"
"高鐵南路","一段","B","121.209598000","25.007630000","2","1020","1.97000","77.00000"
"高鐵南路","一段","B","121.209730000","25.007764000","2","1040","1.46000","78.00000"
"高鐵南路","一段","B","121.209863000","25.007898000","2","1060","1.97000","77.00000"
"高鐵南路","一段","B","121.209996000","25.008032000","2","1080","2.55000","79.00000"
"高鐵南路","一段","B","121.210129000","25.008166000","2","1100","1.40000","78.00000"
"高鐵南路","一段","B","121.210263000","25.008299000","2","1120","1.80000","77.00000"
"高鐵南路","一段","B","121.210398000","25.008431000","2","1140","1.83000","77.00000"
"高鐵南路","一段","B","121.210535000","25.008562000","2","1160","3.58000","78.00000"
"高鐵南路","一段","B","121.210672000","25.008692000","2","1180","3.22000","79.00000"
"高鐵南路","一段","B","121.210809000","25.008822000","2","1200","6.47000","77.00000"
"高鐵南路","一段","B","121.210945000","25.008954000","2","1220","6.14000","78.00000"
"高鐵南路","一段","B","121.211082000","25.009085000","2","1240","4.21000","79.00000"
"高鐵南路","一段","B","121.211218000","25.009216000","2","1260","6.05000","77.00000"
"高鐵南路","一段","B","121.211354000","25.009347000","2","1280","3.51000","79.00000"
"高鐵南路","一段","B","121.211487000","25.009481000","2","1300","4.36000","78.00000"
"高鐵南路","一段","B","121.211619000","25.009615000","2","1320","3.31000","77.00000"
"高鐵南路","一段","B","121.211777000","25.009723000","2","1340","3.56000","77.00000"
"高鐵南路","一段","B","121.211941000","25.009824000","2","1360","3.33000","78.00000"
"高鐵南路","一段","B","121.212105000","25.009925000","2","1380","3.59000","80.00000"
"高鐵南路","一段","B","121.212281000","25.010008000","2","1400","3.53000","77.00000"
"高鐵南路","一段","B","121.212465000","25.010074000","2","1420","3.28000","78.00000"
"高鐵南路","一段","B","121.212656000","25.010122000","2","1440","3.19000","79.00000"
"高鐵南路","一段","B","121.212850000","25.010160000","2","1460","3.27000","78.00000"
"高鐵南路","一段","B","121.213040000","25.010209000","2","1480","3.41000","77.00000"
"高鐵南路","一段","B","121.213223000","25.010278000","2","1500","3.57000","79.00000"
"高鐵南路","一段","B","121.213399000","25.010361000","2","1520","3.43000","77.00000"
"領航北路","二段","A","121.207131000","25.011959000","3","1560","3.68000","84.00000"
"領航北路","二段","A","121.206996000","25.011828000","3","1540","3.31000","83.00000"
"領航北路","二段","A","121.206859000","25.011697000","3","1520","3.75000","84.00000"
"領航北路","二段","A","121.206723000","25.011566000","3","1500","2.15000","81.00000"
"領航北路","二段","A","121.206588000","25.011434000","3","1480","2.29000","83.00000"
"領航北路","二段","A","121.206453000","25.011302000","3","1460","3.99000","81.00000"
"領航北路","二段","A","121.206317000","25.011170000","3","1440","4.29000","81.00000"
"領航北路","二段","A","121.206181000","25.011039000","3","1420","2.24000","84.00000"
"領航北路","二段","A","121.206045000","25.010907000","3","1400","2.71000","83.00000"
"領航北路","二段","A","121.205909000","25.010776000","3","1380","4.40000","85.00000"
"領航北路","二段","A","121.205773000","25.010645000","3","1360","3.64000","83.00000"
"領航北路","二段","A","121.205640000","25.010511000","3","1340","4.46000","84.00000"
"領航北路","二段","A","121.205513000","25.010372000","3","1320","3.52000","87.00000"
"領航北路","二段","A","121.205382000","25.010237000","3","1300","2.26000","82.00000"
"領航北路","二段","A","121.205250000","25.010102000","3","1280","3.33000","82.00000"
"領航北路","二段","A","121.205118000","25.009968000","3","1260","3.64000","84.00000"
"領航北路","二段","A","121.204986000","25.009833000","3","1240","2.61000","86.00000"
"領航北路","二段","A","121.204853000","25.009699000","3","1220","4.23000","83.00000"
"領航北路","二段","A","121.204720000","25.009565000","3","1200","3.62000","86.00000"
"領航北路","二段","A","121.204586000","25.009432000","3","1180","2.10000","81.00000"
"領航北路","二段","A","121.204452000","25.009299000","3","1160","4.30000","82.00000"
"領航北路","二段","A","121.204318000","25.009166000","3","1140","4.43000","86.00000"
"領航北路","二段","A","121.204181000","25.009036000","3","1120","3.21000","82.00000"
"領航北路","二段","A","121.204027000","25.008924000","3","1100","3.91000","85.00000"
"領航北路","二段","A","121.203859000","25.008828000","3","1080","2.78000","82.00000"
"領航北路","二段","A","121.203692000","25.008731000","3","1060","4.48000","83.00000"
"領航北路","二段","A","121.203526000","25.008633000","3","1040","2.26000","84.00000"
"領航北路","二段","A","121.203358000","25.008537000","3","1020","3.25000","83.00000"
"領航北路","二段","A","121.203190000","25.008441000","3","1000","3.63000","87.00000"
"領航北路","二段","A","121.203023000","25.008344000","3","980","2.25000","82.00000"
"領航北路","二段","A","121.202856000","25.008247000","3","960","2.74000","82.00000"
"領航北路","二段","A","121.202690000","25.008149000","3","940","3.24000","84.00000"
"領航北路","二段","A","121.202524000","25.008050000","3","920","3.13000","84.00000"
"領航北路","二段","A","121.202357000","25.007952000","3","900","2.25000","82.00000"
"領航北路","二段","A","121.202191000","25.007854000","3","880","2.33000","82.00000"
"領航北路","二段","A","121.202025000","25.007755000","3","860","4.26000","81.00000"
"領航北路","二段","A","121.201858000","25.007658000","3","840","2.87000","87.00000"
"領航北路","二段","A","121.201695000","25.007555000","3","820","3.68000","85.00000"
"領航北路","二段","A","121.201544000","25.007438000","3","800","4.08000","87.00000"
"領航北路","二段","A","121.201410000","25.007306000","3","780","2.24000","86.00000"
"領航北路","二段","A","121.201293000","25.007160000","3","760","3.69000","84.00000"
"領航北路","二段","A","121.201189000","25.007007000","3","740","3.84000","84.00000"
"領航北路","二段","A","121.201091000","25.006850000","3","720","2.19000","82.00000"
"高鐵北路","一段","C","121.213660000","25.010490000","2","0","4.00000","82.00000"
"高鐵北路","一段","C","121.213808000","25.010607000","2","20","2.26000","81.00000"
"高鐵北路","一段","C","121.213943000","25.010739000","2","40","2.10000","81.00000"
"高鐵北路","一段","C","121.214078000","25.010871000","2","60","1.87000","82.00000"
"高鐵北路","一段","C","121.214213000","25.011003000","2","80","2.16000","80.00000"
"高鐵北路","一段","C","121.214348000","25.011135000","2","100","2.57000","81.00000"
"高鐵北路","一段","C","121.214483000","25.011268000","2","120","9.73000","82.00000"
"高鐵北路","一段","C","121.214618000","25.011400000","2","140","5.04000","82.00000"
"高鐵北路","一段","C","121.214754000","25.011532000","2","160","4.65000","80.00000"
"高鐵北路","一段","C","121.214888000","25.011664000","2","180","2.77000","81.00000"
"高鐵北路","一段","C","121.215022000","25.011797000","2","200","2.02000","81.00000"
"高鐵北路","一段","C","121.215156000","25.011930000","2","220","3.20000","82.00000"
"高鐵北路","一段","C","121.215291000","25.012063000","2","240","2.20000","82.00000"
"高鐵北路","一段","C","121.215425000","25.012196000","2","260","2.20000","82.00000"
"高鐵北路","一段","C","121.215559000","25.012329000","2","280","1.40000","82.00000"
"高鐵北路","一段","C","121.215693000","25.012462000","2","300","3.40000","81.00000"
"高鐵北路","一段","C","121.215827000","25.012594000","2","320","3.20000","81.00000"
"高鐵北路","一段","C","121.215961000","25.012727000","2","340","2.60000","82.00000"
"高鐵北路","一段","C","121.216095000","25.012860000","2","360","3.20000","82.00000"
"高鐵北路","一段","C","121.216230000","25.012993000","2","380","2.70000","81.00000"
"高鐵北路","一段","C","121.216364000","25.013126000","2","400","3.20000","82.00000"
"高鐵北路","一段","C","121.216498000","25.013259000","2","420","3.40000","81.00000"
"高鐵北路","一段","C","121.216632000","25.013392000","2","440","2.41000","81.00000"
"高鐵北路","一段","C","121.216765000","25.013525000","2","460","2.86000","82.00000"
"高鐵北路","一段","C","121.216899000","25.013659000","2","480","3.03000","82.00000"
"高鐵北路","一段","C","121.217032000","25.013793000","2","500","4.75000","82.00000"
"高鐵北路","一段","C","121.217165000","25.013926000","2","520","8.80000","81.00000"
"高鐵北路","一段","C","121.217289000","25.014066000","2","540","8.50000","82.00000"
"高鐵北路","一段","C","121.217387000","25.014223000","2","560","2.92000","82.00000"
"高鐵北路","一段","C","121.217480000","25.014383000","2","580","5.36000","81.00000"
"高鐵北路","一段","C","121.217569000","25.014544000","2","600","5.54000","82.00000"
"高鐵北路","一段","C","121.217652000","25.014708000","2","620","3.68000","81.00000"
"高鐵北路","一段","C","121.217711000","25.014880000","2","640","5.39000","81.00000"
"高鐵北路","一段","C","121.217765000","25.015054000","2","660","3.43000","81.00000"
"高鐵北路","一段","C","121.217819000","25.015228000","2","680","3.68000","82.00000"
"高鐵北路","一段","C","121.217888000","25.015397000","2","700","3.53000","81.00000"
"高鐵北路","一段","C","121.217970000","25.015561000","2","720","2.96000","81.00000"
"高鐵北路","一段","C","121.218057000","25.015723000","2","740","3.17000","80.00000"
"高鐵北路","一段","C","121.218161000","25.015877000","2","760","4.48000","82.00000"
"高鐵北路","一段","C","121.218269000","25.016028000","2","780","3.71000","82.00000"
"高鐵北路","一段","C","121.218399000","25.016164000","2","800","4.09000","81.00000"
"高鐵北路","一段","C","121.218529000","25.016300000","2","820","5.58000","80.00000"
"高鐵北路","一段","C","121.218659000","25.016436000","2","840","8.50000","81.00000"
"高鐵北路","一段","C","121.218790000","25.016572000","2","860","5.31000","80.00000"
"高鐵南路","二段","B","121.202840000","25.000879000","2","0","3.33000","78.00000"
"高鐵南路","二段","B","121.202971000","25.001014000","2","20","1.31000","77.00000"
"高鐵南路","二段","B","121.203103000","25.001149000","2","40","2.12000","78.00000"
"高鐵南路","二段","B","121.203236000","25.001283000","2","60","1.55000","79.00000"
"高鐵南路","二段","B","121.203370000","25.001416000","2","80","2.35000","78.00000"
"高鐵南路","二段","B","121.203504000","25.001549000","2","100","2.51000","79.00000"
"高鐵南路","二段","B","121.203638000","25.001682000","2","120","1.69000","78.00000"
"高鐵南路","二段","B","121.203772000","25.001815000","2","140","1.14000","77.00000"
"高鐵南路","二段","B","121.203907000","25.001947000","2","160","1.99000","78.00000"
"高鐵南路","二段","B","121.204041000","25.002080000","2","180","3.23000","77.00000"
"高鐵南路","二段","B","121.204175000","25.002213000","2","200","5.35000","78.00000"
"高鐵南路","二段","B","121.204309000","25.002346000","2","220","2.61000","78.00000"
"高鐵南路","二段","B","121.204439000","25.002482000","2","240","1.48000","78.00000"
"高鐵南路","二段","B","121.204570000","25.002618000","2","260","1.00000","78.00000"
"高鐵南路","二段","B","121.204700000","25.002754000","2","280","7.13000","78.00000"
"高鐵南路","二段","B","121.204832000","25.002888000","2","300","5.31000","79.00000"
"高鐵南路","二段","B","121.204966000","25.003021000","2","320","1.42000","80.00000"
"高鐵南路","二段","B","121.205100000","25.003155000","2","340","1.52000","79.00000"
"高鐵南路","二段","B","121.205234000","25.003288000","2","360","1.68000","77.00000"
"高鐵南路","二段","B","121.205368000","25.003421000","2","380","1.55000","76.00000"
"高鐵南路","二段","B","121.205501000","25.003554000","2","400","1.17000","79.00000"
"高鐵南路","二段","B","121.205635000","25.003687000","2","420","1.69000","78.00000"
"高鐵南路","二段","B","121.205769000","25.003821000","2","440","1.55000","78.00000"
"高鐵南路","二段","B","121.205903000","25.003954000","2","460","1.15000","77.00000"
"高鐵南路","二段","B","121.206037000","25.004087000","2","480","3.60000","77.00000"
"高鐵南路","二段","B","121.206170000","25.004220000","2","500","3.58000","78.00000"
"高鐵南路","二段","B","121.206305000","25.004353000","2","520","1.42000","77.00000"
"高鐵南路","二段","B","121.206439000","25.004486000","2","540","3.51000","78.00000"
"高鐵南路","二段","B","121.206574000","25.004618000","2","560","2.28000","79.00000"
"高鐵南路","二段","B","121.206708000","25.004751000","2","580","2.91000","77.00000"
"高鐵南路","二段","B","121.206842000","25.004884000","2","600","4.32000","78.00000"
"高鐵南路","二段","B","121.206977000","25.005016000","2","620","3.62000","79.00000"
"高鐵南路","二段","B","121.207111000","25.005149000","2","640","3.98000","78.00000"
"高鐵南路","二段","B","121.207246000","25.005282000","2","660","3.26000","79.00000"
"高鐵南路","二段","B","121.207380000","25.005414000","2","680","2.24000","78.00000"
"高鐵南路","二段","B","121.207514000","25.005547000","2","700","5.14000","79.00000"
"高鐵南路","二段","B","121.207649000","25.005680000","2","720","6.72000","78.00000"
"高鐵南路","二段","B","121.207783000","25.005812000","2","740","4.33000","77.00000"
"高鐵南路","二段","B","121.207914000","25.005948000","2","760",NULL,"79.00000"
"高鐵南路","二段","B","121.207751000","25.006068000","2","760",NULL,"83.00000"
"高鐵南路","二段","B","121.207617000","25.005935000","2","740","2.34000","82.00000"
"高鐵南路","二段","B","121.207484000","25.005801000","2","720","1.93000","82.00000"
"高鐵南路","二段","B","121.207350000","25.005668000","2","700","2.63000","82.00000"
"高鐵南路","二段","B","121.207217000","25.005535000","2","680","2.21000","81.00000"
"高鐵南路","二段","B","121.207083000","25.005401000","2","660","2.68000","81.00000"
"高鐵南路","二段","B","121.206950000","25.005268000","2","640","2.11000","81.00000"
"高鐵南路","二段","B","121.206816000","25.005134000","2","620","3.90000","81.00000"
"高鐵南路","二段","B","121.206682000","25.005001000","2","600","4.81000","82.00000"
"高鐵南路","二段","B","121.206549000","25.004868000","2","580","8.25000","82.00000"
"高鐵南路","二段","B","121.206415000","25.004734000","2","560","2.63000","81.00000"
"高鐵南路","二段","B","121.206282000","25.004601000","2","540","1.36000","80.00000"
"高鐵南路","二段","B","121.206150000","25.004466000","2","520","1.46000","81.00000"
"高鐵南路","二段","B","121.206019000","25.004331000","2","500","1.82000","82.00000"
"高鐵南路","二段","B","121.205888000","25.004195000","2","480","2.66000","81.00000"
"高鐵南路","二段","B","121.205756000","25.004060000","2","460","4.06000","81.00000"
"高鐵南路","二段","B","121.205624000","25.003926000","2","440","2.44000","81.00000"
"高鐵南路","二段","B","121.205489000","25.003794000","2","420","2.34000","82.00000"
"高鐵南路","二段","B","121.205352000","25.003663000","2","400","2.53000","82.00000"
"高鐵南路","二段","B","121.205216000","25.003532000","2","380","2.89000","81.00000"
"高鐵南路","二段","B","121.205079000","25.003401000","2","360","1.79000","81.00000"
"高鐵南路","二段","B","121.204941000","25.003271000","2","340","2.20000","81.00000"
"高鐵南路","二段","B","121.204806000","25.003139000","2","320","4.51000","82.00000"
"高鐵南路","二段","B","121.204673000","25.003005000","2","300","5.20000","82.00000"
"高鐵南路","二段","B","121.204541000","25.002871000","2","280","4.86000","81.00000"
"高鐵南路","二段","B","121.204411000","25.002735000","2","260","2.38000","81.00000"
"高鐵南路","二段","B","121.204276000","25.002603000","2","240","2.31000","81.00000"
"高鐵南路","二段","B","121.204143000","25.002469000","2","220","1.75000","81.00000"
"高鐵南路","二段","B","121.204011000","25.002334000","2","200","1.78000","82.00000"
"高鐵南路","二段","B","121.203879000","25.002199000","2","180","3.78000","81.00000"
"高鐵南路","二段","B","121.203746000","25.002066000","2","160","2.91000","82.00000"
"高鐵南路","二段","B","121.203612000","25.001933000","2","140","2.66000","82.00000"
"高鐵南路","二段","B","121.203478000","25.001800000","2","120","1.92000","81.00000"
"高鐵南路","二段","B","121.203344000","25.001667000","2","100","2.42000","82.00000"
"高鐵南路","二段","B","121.203211000","25.001532000","2","80","2.39000","82.00000"
"高鐵南路","二段","B","121.203079000","25.001398000","2","60","2.52000","82.00000"
"高鐵南路","二段","B","121.202946000","25.001264000","2","40","2.97000","82.00000"
"高鐵南路","二段","B","121.202813000","25.001130000","2","20","2.11000","81.00000"
"高鐵南路","二段","B","121.202686000","25.000992000","2","0","7.12000","82.00000"
"青埔路","一段","E","121.209777000","25.013990000","2","0","3.14000","64.00000"
"青埔路","一段","E","121.209924000","25.013869000","2","20","2.78000","64.00000"
"青埔路","一段","E","121.210072000","25.013749000","2","40","3.41000","64.00000"
"青埔路","一段","E","121.210219000","25.013628000","2","60","1.83000","64.00000"
"青埔路","一段","E","121.210367000","25.013507000","2","80","4.10000","65.00000"
"青埔路","一段","E","121.210514000","25.013387000","2","100","3.28000","65.00000"
"青埔路","一段","E","121.210662000","25.013266000","2","120","2.08000","64.00000"
"青埔路","一段","E","121.210809000","25.013146000","2","140","2.16000","65.00000"
"青埔路","一段","E","121.210957000","25.013025000","2","160","3.04000","64.00000"
"青埔路","一段","E","121.211104000","25.012904000","2","180","2.17000","65.00000"
"青埔路","一段","E","121.211250000","25.012782000","2","200","2.55000","65.00000"
"青埔路","一段","E","121.211396000","25.012660000","2","220","2.64000","65.00000"
"青埔路","一段","E","121.211544000","25.012540000","2","240","3.11000","65.00000"
"青埔路","一段","E","121.211692000","25.012420000","2","260","4.35000","65.00000"
"青埔路","一段","E","121.211840000","25.012300000","2","280","3.55000","64.00000"
"青埔路","一段","E","121.211988000","25.012180000","2","300","1.73000","65.00000"
"青埔路","一段","E","121.212137000","25.012060000","2","320","3.19000","65.00000"
"青埔路","一段","E","121.212279000","25.011935000","2","340","4.03000","64.00000"
"青埔路","一段","E","121.212420000","25.011808000","2","360","3.16000","64.00000"
"青埔路","一段","E","121.212562000","25.011683000","2","380","2.50000","64.00000"
"青埔路","一段","E","121.212707000","25.011559000","2","400","1.83000","65.00000"
"青埔路","一段","E","121.212852000","25.011436000","2","420","1.58000","65.00000"
"青埔路","一段","E","121.212996000","25.011312000","2","440","2.91000","65.00000"
"青埔路","一段","E","121.213135000","25.011183000","2","460","1.67000","64.00000"
"青埔路","一段","E","121.213237000","25.011029000","2","480","4.15000","65.00000"
"青埔路","一段","E","121.213333000","25.010871000","2","500","2.62000","65.00000"
"青埔路","一段","E","121.213426000","25.010712000","2","520","2.39000","64.00000"
"青埔路","一段","E","121.213520000","25.010553000","2","540","2.54000","65.00000"
"公園路","一段","D","121.207960000","25.005889000","2","0",NULL,"82.00000"
"公園路","一段","D","121.208104000","25.005765000","2","20","3.50000","82.00000"
"公園路","一段","D","121.208250000","25.005643000","2","40","2.34000","82.00000"
"公園路","一段","D","121.208395000","25.005521000","2","60","1.02000","82.00000"
"公園路","一段","D","121.208541000","25.005398000","2","80","1.37000","82.00000"
"公園路","一段","D","121.208686000","25.005275000","2","100","2.59000","82.00000"
"公園路","一段","D","121.208845000","25.005170000","2","120","14.10000","83.00000"
"公園路","一段","D","121.209030000","25.005104000","2","140","5.90000","83.00000"
"公園路","一段","D","121.209218000","25.005049000","2","160","1.97000","82.00000"
"公園路","一段","D","121.209406000","25.004992000","2","180","1.76000","83.00000"
"公園路","一段","D","121.209596000","25.004938000","2","200","2.51000","82.00000"
"公園路","一段","D","121.209785000","25.004885000","2","220","8.54000","82.00000"
"公園路","一段","D","121.209974000","25.004831000","2","240","3.33000","83.00000"
"公園路","一段","D","121.210162000","25.004773000","2","260","2.87000","83.00000"
"公園路","一段","D","121.210350000","25.004716000","2","280","3.03000","82.00000"
"公園路","一段","D","121.210537000","25.004658000","2","300","2.03000","82.00000"
"公園路","一段","D","121.210725000","25.004600000","2","320","2.34000","82.00000"
"公園路","一段","D","121.210911000","25.004538000","2","340","2.94000","82.00000"
"公園路","一段","D","121.211078000","25.004442000","2","360","3.94000","83.00000"
"公園路","一段","D","121.211224000","25.004320000","2","380","3.27000","82.00000"
"公園路","一段","D","121.211370000","25.004198000","2","400","2.99000","83.00000"
"公園路","一段","D","121.211515000","25.004076000","2","420","2.57000","83.00000"
"公園路","一段","D","121.211662000","25.003954000","2","440","6.96000","83.00000"
"公園路","一段","D","121.211809000","25.003833000","2","460","4.34000","82.00000"
"公園路","一段","D","121.211955000","25.003712000","2","480","4.40000","81.00000"
"公園路","一段","D","121.212101000","25.003589000","2","500","5.39000","82.00000"
"公園路","一段","D","121.212245000","25.003466000","2","520","2.61000","83.00000"
"公園路","一段","D","121.212390000","25.003342000","2","540","1.77000","82.00000"
"公園路","一段","D","121.212534000","25.003218000","2","560","3.24000","84.00000"
"公園路","一段","D","121.212598000","25.003266000","1","560","2.03000","91.00000"
"公園路","一段","D","121.212454000","25.003390000","1","540","1.95000","82.00000"
"公園路","一段","D","121.212310000","25.003514000","1","520","2.56000","81.00000"
"公園路","一段","D","121.212166000","25.003638000","1","500","2.44000","82.00000"
"公園路","一段","D","121.212021000","25.003761000","1","480","3.06000","81.00000"
"公園路","一段","D","121.211874000","25.003882000","1","460","10.31000","82.00000"
"公園路","一段","D","121.211728000","25.004003000","1","440","6.16000","81.00000"
"公園路","一段","D","121.211581000","25.004125000","1","420","2.65000","81.00000"
"公園路","一段","D","121.211435000","25.004247000","1","400","2.36000","82.00000"
"公園路","一段","D","121.211289000","25.004369000","1","380","2.29000","82.00000"
"公園路","一段","D","121.211143000","25.004491000","1","360","4.93000","82.00000"
"公園路","一段","D","121.210989000","25.004604000","1","340","6.05000","81.00000"
"公園路","一段","D","121.210807000","25.004672000","1","320","3.03000","81.00000"
"公園路","一段","D","121.210618000","25.004725000","1","300","2.26000","82.00000"
"公園路","一段","D","121.210428000","25.004778000","1","280","2.79000","82.00000"
"公園路","一段","D","121.210239000","25.004831000","1","260","1.61000","82.00000"
"公園路","一段","D","121.210049000","25.004884000","1","240","3.75000","82.00000"
"公園路","一段","D","121.209860000","25.004938000","1","220","2.03000","81.00000"
"公園路","一段","D","121.209672000","25.004994000","1","200","3.95000","81.00000"
"公園路","一段","D","121.209482000","25.005047000","1","180","3.05000","82.00000"
"公園路","一段","D","121.209293000","25.005099000","1","160","2.40000","81.00000"
"公園路","一段","D","121.209104000","25.005153000","1","140","2.44000","81.00000"
"公園路","一段","D","121.208920000","25.005220000","1","120","6.96000","82.00000"
"公園路","一段","D","121.208757000","25.005321000","1","100","2.58000","81.00000"
"公園路","一段","D","121.208612000","25.005443000","1","80","3.23000","81.00000"
"公園路","一段","D","121.208466000","25.005566000","1","60","3.11000","81.00000"
"公園路","一段","D","121.208321000","25.005688000","1","40","1.90000","82.00000"
"公園路","一段","D","121.208175000","25.005810000","1","20","4.31000","81.00000"
"公園路","一段","D","121.208030000","25.005934000","1","0","3.31000","81.00000"
"青埔路","一段","E","121.213632000","25.010662000","2","540","1.60000","64.00000"
"青埔路","一段","E","121.213545000","25.010825000","2","520","2.84000","64.00000"
"青埔路","一段","E","121.213455000","25.010986000","2","500","3.28000","64.00000"
"青埔路","一段","E","121.213369000","25.011148000","2","480","2.91000","63.00000"
"青埔路","一段","E","121.213264000","25.011301000","2","460","2.45000","63.00000"
"青埔路","一段","E","121.213129000","25.011433000","2","440","2.05000","64.00000"
"青埔路","一段","E","121.212977000","25.011549000","2","420","2.08000","64.00000"
"青埔路","一段","E","121.212824000","25.011663000","2","400","3.41000","63.00000"
"青埔路","一段","E","121.212671000","25.011778000","2","380","3.67000","63.00000"
"青埔路","一段","E","121.212523000","25.011898000","2","360","4.59000","63.00000"
"青埔路","一段","E","121.212375000","25.012019000","2","340","3.33000","64.00000"
"青埔路","一段","E","121.212229000","25.012140000","2","320","3.67000","63.00000"
"青埔路","一段","E","121.212086000","25.012265000","2","300","1.75000","64.00000"
"青埔路","一段","E","121.211942000","25.012390000","2","280","1.85000","63.00000"
"青埔路","一段","E","121.211799000","25.012514000","2","260","2.11000","64.00000"
"青埔路","一段","E","121.211655000","25.012639000","2","240","3.33000","64.00000"
"青埔路","一段","E","121.211511000","25.012763000","2","220","2.85000","64.00000"
"青埔路","一段","E","121.211364000","25.012884000","2","200","4.64000","64.00000"
"青埔路","一段","E","121.211217000","25.013005000","2","180","2.58000","63.00000"
"青埔路","一段","E","121.211070000","25.013126000","2","160","2.81000","63.00000"
"青埔路","一段","E","121.210923000","25.013247000","2","140","1.97000","64.00000"
"青埔路","一段","E","121.210776000","25.013368000","2","120","1.68000","63.00000"
"青埔路","一段","E","121.210629000","25.013489000","2","100","3.25000","63.00000"
"青埔路","一段","E","121.210482000","25.013610000","2","80","2.00000","64.00000"
"青埔路","一段","E","121.210335000","25.013731000","2","60","4.44000","63.00000"
"青埔路","一段","E","121.210188000","25.013852000","2","40","4.22000","63.00000"
"青埔路","一段","E","121.210041000","25.013973000","2","20","2.69000","63.00000"
"青埔路","一段","E","121.209894000","25.014094000","2","0","3.31000","63.00000"
"高鐵站前東路","一段","F","121.216509000","25.013216000","1","0",NULL,"79.00000"
"高鐵站前東路","一段","F","121.216655000","25.013094000","1","20","7.75000","79.00000"
"高鐵站前東路","一段","F","121.216801000","25.012973000","1","40","3.18000","78.00000"
"高鐵站前東路","一段","F","121.216948000","25.012851000","1","60","2.18000","85.00000"
"高鐵站前東路","一段","F","121.217094000","25.012729000","1","80","2.46000","76.00000"
"高鐵站前東路","一段","F","121.217241000","25.012607000","1","100","2.62000","78.00000"
"高鐵站前東路","一段","F","121.217387000","25.012486000","1","120","3.20000","82.00000"
"高鐵站前東路","一段","F","121.217533000","25.012364000","1","140","1.99000","80.00000"
"高鐵站前東路","一段","F","121.217679000","25.012242000","1","160","2.80000","81.00000"
"高鐵站前東路","一段","F","121.217826000","25.012120000","1","180","2.37000","82.00000"
"高鐵站前東路","一段","F","121.217972000","25.011998000","1","200","1.73000","84.00000"
"高鐵站前東路","一段","F","121.218118000","25.011876000","1","220","2.37000","82.00000"
"高鐵站前東路","一段","F","121.218264000","25.011755000","1","240","4.19000","77.00000"
"高鐵站前東路","一段","F","121.218411000","25.011633000","1","260","2.14000","83.00000"
"高鐵站前東路","一段","F","121.218557000","25.011511000","1","280","2.49000","75.00000"
"高鐵站前東路","一段","F","121.218704000","25.011390000","1","300","3.04000","79.00000"
"高鐵站前東路","一段","F","121.218849000","25.011267000","1","320","2.07000","78.00000"
"高鐵站前東路","一段","F","121.218995000","25.011145000","1","340","2.53000","77.00000"
"高鐵站前東路","一段","F","121.219140000","25.011022000","1","360","2.97000","82.00000"
"高鐵站前東路","一段","F","121.219287000","25.010900000","1","380","2.22000","79.00000"
"高鐵站前東路","一段","F","121.219433000","25.010778000","1","400","1.89000","83.00000"
"高鐵站前東路","一段","F","121.219579000","25.010657000","1","420","2.05000","75.00000"
"高鐵站前東路","一段","F","121.219726000","25.010535000","1","440","2.35000","82.00000"
"高鐵站前東路","一段","F","121.219872000","25.010413000","1","460","2.69000","88.00000"
"高鐵站前東路","一段","F","121.216482000","25.013189000","2","0",NULL,"79.00000"
"高鐵站前東路","一段","F","121.216628000","25.013068000","2","20","5.57000","79.00000"
"高鐵站前東路","一段","F","121.216775000","25.012946000","2","40","2.84000","78.00000"
"高鐵站前東路","一段","F","121.216921000","25.012824000","2","60","3.71000","85.00000"
"高鐵站前東路","一段","F","121.217068000","25.012703000","2","80","4.43000","76.00000"
"高鐵站前東路","一段","F","121.217214000","25.012581000","2","100","2.69000","78.00000"
"高鐵站前東路","一段","F","121.217360000","25.012459000","2","120","3.20000","82.00000"
"高鐵站前東路","一段","F","121.217506000","25.012337000","2","140","3.70000","80.00000"
"高鐵站前東路","一段","F","121.217653000","25.012215000","2","160","7.20000","81.00000"
"高鐵站前東路","一段","F","121.217799000","25.012093000","2","180","1.93000","82.00000"
"高鐵站前東路","一段","F","121.217945000","25.011971000","2","200","4.71000","84.00000"
"高鐵站前東路","一段","F","121.218091000","25.011850000","2","220","4.54000","82.00000"
"高鐵站前東路","一段","F","121.218238000","25.011728000","2","240","5.51000","77.00000"
"高鐵站前東路","一段","F","121.218384000","25.011606000","2","260","4.10000","83.00000"
"高鐵站前東路","一段","F","121.218531000","25.011485000","2","280","3.30000","75.00000"
"高鐵站前東路","一段","F","121.218677000","25.011363000","2","300","3.39000","79.00000"
"高鐵站前東路","一段","F","121.218823000","25.011241000","2","320","2.73000","78.00000"
"高鐵站前東路","一段","F","121.218968000","25.011118000","2","340","3.23000","77.00000"
"高鐵站前東路","一段","F","121.219114000","25.010995000","2","360","3.11000","82.00000"
"高鐵站前東路","一段","F","121.219260000","25.010874000","2","380","3.34000","79.00000"
"高鐵站前東路","一段","F","121.219406000","25.010752000","2","400","5.52000","83.00000"
"高鐵站前東路","一段","F","121.219553000","25.010630000","2","420","3.19000","75.00000"
"高鐵站前東路","一段","F","121.219699000","25.010508000","2","440","2.63000","82.00000"
"高鐵站前東路","一段","F","121.219845000","25.010386000","2","460","2.20000","88.00000"
"高鐵站前東路","一段","F","121.219895000","25.010429000","1","460","1.92000","83.00000"
"高鐵站前東路","一段","F","121.219749000","25.010551000","1","440","1.54000","79.00000"
"高鐵站前東路","一段","F","121.219603000","25.010673000","1","420","1.66000","79.00000"
"高鐵站前東路","一段","F","121.219457000","25.010795000","1","400","1.15000","81.00000"
"高鐵站前東路","一段","F","121.219310000","25.010916000","1","380","2.00000","80.00000"
"高鐵站前東路","一段","F","121.219164000","25.011038000","1","360","1.51000","78.00000"
"高鐵站前東路","一段","F","121.219019000","25.011161000","1","340","1.54000","80.00000"
"高鐵站前東路","一段","F","121.218873000","25.011283000","1","320","1.83000","79.00000"
"高鐵站前東路","一段","F","121.218727000","25.011406000","1","300","1.80000","80.00000"
"高鐵站前東路","一段","F","121.218581000","25.011527000","1","280","1.95000","79.00000"
"高鐵站前東路","一段","F","121.218435000","25.011649000","1","260","2.34000","80.00000"
"高鐵站前東路","一段","F","121.218288000","25.011771000","1","240","3.43000","80.00000"
"高鐵站前東路","一段","F","121.218142000","25.011892000","1","220","1.69000","80.00000"
"高鐵站前東路","一段","F","121.217996000","25.012014000","1","200","1.69000","79.00000"
"高鐵站前東路","一段","F","121.217849000","25.012136000","1","180","1.88000","80.00000"
"高鐵站前東路","一段","F","121.217703000","25.012258000","1","160","2.69000","79.00000"
"高鐵站前東路","一段","F","121.217557000","25.012380000","1","140","1.96000","80.00000"
"高鐵站前東路","一段","F","121.217411000","25.012502000","1","120","2.17000","79.00000"
"高鐵站前東路","一段","F","121.217264000","25.012623000","1","100","1.75000","79.00000"
"高鐵站前東路","一段","F","121.217118000","25.012745000","1","80","1.44000","80.00000"
"高鐵站前東路","一段","F","121.216972000","25.012867000","1","60","1.47000","80.00000"
"高鐵站前東路","一段","F","121.216825000","25.012988000","1","40","3.14000","79.00000"
"高鐵站前東路","一段","F","121.216679000","25.013110000","1","20","7.48000","79.00000"
"高鐵站前東路","一段","F","121.216532000","25.013232000","1","0",NULL,"79.00000"
"高鐵站前東路","一段","F","121.219922000","25.010456000","2","460","2.69000","83.00000"
"高鐵站前東路","一段","F","121.219776000","25.010578000","2","440","2.35000","79.00000"
"高鐵站前東路","一段","F","121.219630000","25.010699000","2","420","2.05000","79.00000"
"高鐵站前東路","一段","F","121.219484000","25.010821000","2","400","1.89000","81.00000"
"高鐵站前東路","一段","F","121.219337000","25.010943000","2","380","2.22000","80.00000"
"高鐵站前東路","一段","F","121.219191000","25.011065000","2","360","2.97000","78.00000"
"高鐵站前東路","一段","F","121.219045000","25.011187000","2","340","2.53000","80.00000"
"高鐵站前東路","一段","F","121.218900000","25.011310000","2","320","2.07000","79.00000"
"高鐵站前東路","一段","F","121.218754000","25.011432000","2","300","3.04000","80.00000"
"高鐵站前東路","一段","F","121.218608000","25.011554000","2","280","2.49000","79.00000"
"高鐵站前東路","一段","F","121.218461000","25.011676000","2","260","2.14000","80.00000"
"高鐵站前東路","一段","F","121.218315000","25.011797000","2","240","4.19000","80.00000"
"高鐵站前東路","一段","F","121.218169000","25.011919000","2","220","2.37000","80.00000"
"高鐵站前東路","一段","F","121.218022000","25.012041000","2","200","1.73000","79.00000"
"高鐵站前東路","一段","F","121.217876000","25.012163000","2","180","2.37000","80.00000"
"高鐵站前東路","一段","F","121.217730000","25.012284000","2","160","2.80000","79.00000"
"高鐵站前東路","一段","F","121.217584000","25.012406000","2","140","1.99000","80.00000"
"高鐵站前東路","一段","F","121.217438000","25.012528000","2","120","3.20000","79.00000"
"高鐵站前東路","一段","F","121.217291000","25.012650000","2","100","2.62000","79.00000"
"高鐵站前東路","一段","F","121.217145000","25.012772000","2","80","2.46000","80.00000"
"高鐵站前東路","一段","F","121.216998000","25.012893000","2","60","2.18000","80.00000"
"高鐵站前東路","一段","F","121.216852000","25.013015000","2","40","3.18000","79.00000"
"高鐵站前東路","一段","F","121.216706000","25.013137000","2","20","7.75000","79.00000"
"高鐵站前東路","一段","F","121.216559000","25.013258000","2","0",NULL,"79.00000"
"領航北路","三段","A","121.207444000","25.011984000","2","1580","3.52000","59.00000"
"領航北路","三段","A","121.207581000","25.012115000","2","1600","2.02000","60.00000"
"領航北路","三段","A","121.207713000","25.012249000","2","1620","2.30000","58.00000"
"領航北路","三段","A","121.207844000","25.012385000","2","1640","3.36000","68.00000"
"領航北路","三段","A","121.207975000","25.012520000","2","1660","3.91000","70.00000"
"領航北路","三段","A","121.208108000","25.012654000","2","1680","2.61000","53.00000"
"領航北路","三段","A","121.208241000","25.012788000","2","1700","3.12000","70.00000"
"領航北路","三段","A","121.208374000","25.012922000","2","1720","3.35000","69.00000"
"領航北路","三段","A","121.208507000","25.013056000","2","1740","2.46000","53.00000"
"領航北路","三段","A","121.208640000","25.013189000","2","1760","2.92000","68.00000"
"領航北路","三段","A","121.208773000","25.013323000","2","1780","2.59000","61.00000"
"領航北路","三段","A","121.208908000","25.013456000","2","1800","4.43000","71.00000"
"領航北路","三段","A","121.209042000","25.013588000","2","1820","3.91000","73.00000"
"領航北路","三段","A","121.209177000","25.013720000","2","1840","3.29000","59.00000"
"領航北路","三段","A","121.209312000","25.013853000","2","1860","3.48000","66.00000"
"領航北路","三段","A","121.209447000","25.013985000","2","1880","3.27000","59.00000"
"領航北路","三段","A","121.209581000","25.014118000","2","1900","2.40000","53.00000"
"領航北路","三段","A","121.209715000","25.014251000","2","1920","3.00000","47.00000"
"領航北路","三段","A","121.209849000","25.014384000","2","1940","2.96000","56.00000"
"領航北路","三段","A","121.209984000","25.014516000","2","1960","3.15000","62.00000"
"領航北路","三段","A","121.210118000","25.014649000","2","1980","3.22000","64.00000"
"領航北路","三段","A","121.210251000","25.014783000","2","2000","4.32000","70.00000"
"領航北路","三段","A","121.210385000","25.014916000","2","2020","4.41000","82.00000"
"領航北路","三段","A","121.210518000","25.015050000","2","2040","4.47000","87.00000"
"領航北路","三段","A","121.210652000","25.015183000","2","2060","4.08000","90.00000"
"領航北路","三段","A","121.210785000","25.015316000","2","2080","4.37000","81.00000"
"領航北路","三段","A","121.210919000","25.015450000","2","2100","4.47000","74.00000"
"領航北路","三段","A","121.211052000","25.015583000","2","2120","2.99000","76.00000"
"領航北路","三段","A","121.211186000","25.015716000","2","2140","3.29000","74.00000"
"領航北路","三段","A","121.211320000","25.015850000","2","2160","3.92000","83.00000"
"領航北路","三段","A","121.211454000","25.015983000","2","2180","3.27000","61.00000"
"領航北路","三段","A","121.211588000","25.016116000","2","2200","3.50000","61.00000"
"領航北路","三段","A","121.211722000","25.016249000","2","2220","3.35000","63.00000"
"領航北路","三段","A","121.211856000","25.016382000","2","2240","3.23000","54.00000"
"領航北路","三段","A","121.211991000","25.016514000","2","2260","3.20000","43.00000"
"領航北路","三段","A","121.212126000","25.016646000","2","2280","2.22000","63.00000"
"領航北路","三段","A","121.212261000","25.016779000","2","2300","3.06000","47.00000"
"領航北路","三段","A","121.212395000","25.016911000","2","2320","8.12000","62.00000"
"領航北路","三段","A","121.212530000","25.017043000","2","2340","2.76000","78.00000"
"領航北路","三段","A","121.212665000","25.017176000","2","2360","2.71000","52.00000"
"領航北路","三段","A","121.212799000","25.017309000","2","2380","4.04000","76.00000"
"領航北路","三段","A","121.212933000","25.017442000","2","2400","2.19000","67.00000"
"領航北路","三段","A","121.213066000","25.017575000","2","2420","2.03000","53.00000"
"領航北路","三段","A","121.213199000","25.017710000","2","2440","2.83000","52.00000"
"領航北路","三段","A","121.213330000","25.017845000","2","2460","3.25000","62.00000"
"領航北路","三段","A","121.213461000","25.017980000","2","2480","4.55000","55.00000"
"領航北路","三段","A","121.213593000","25.018115000","2","2500","3.53000","45.00000"
"領航北路","三段","A","121.213732000","25.018244000","2","2520","3.69000","70.00000"
"領航北路","三段","A","121.213870000","25.018374000","2","2540","3.11000","45.00000"
"領航北路","三段","A","121.214005000","25.018506000","2","2560","2.97000","63.00000"
"領航北路","三段","A","121.214139000","25.018639000","2","2580","3.54000","53.00000"
"領航北路","三段","A","121.214272000","25.018772000","2","2600","3.46000","68.00000"
"領航北路","三段","A","121.214406000","25.018905000","2","2620","2.23000","61.00000"
"領航北路","三段","A","121.214540000","25.019039000","2","2640","3.03000","64.00000"
"領航北路","三段","A","121.214673000","25.019172000","2","2660","3.43000","68.00000"
"領航北路","三段","A","121.214804000","25.019308000","2","2680","3.54000","70.00000"
"領航北路","三段","A","121.214923000","25.019449000","2","2700","2.38000","56.00000"
"領航北路","三段","A","121.214966000","25.019625000","2","2720","3.25000","49.00000"
"領航北路","三段","A","121.207415000","25.012009000","1","1580","2.30000","59.00000"
"領航北路","三段","A","121.207552000","25.012140000","1","1600","2.38000","60.00000"
"領航北路","三段","A","121.207684000","25.012275000","1","1620","3.29000","58.00000"
"領航北路","三段","A","121.207815000","25.012410000","1","1640","3.45000","68.00000"
"領航北路","三段","A","121.207947000","25.012545000","1","1660","2.18000","70.00000"
"領航北路","三段","A","121.208079000","25.012679000","1","1680","3.44000","53.00000"
"領航北路","三段","A","121.208212000","25.012813000","1","1700","2.79000","70.00000"
"領航北路","三段","A","121.208345000","25.012947000","1","1720","3.33000","69.00000"
"領航北路","三段","A","121.208478000","25.013081000","1","1740","2.94000","53.00000"
"領航北路","三段","A","121.208611000","25.013215000","1","1760","3.08000","68.00000"
"領航北路","三段","A","121.208744000","25.013348000","1","1780","2.29000","61.00000"
"領航北路","三段","A","121.208879000","25.013481000","1","1800","2.96000","71.00000"
"領航北路","三段","A","121.209014000","25.013613000","1","1820","3.76000","73.00000"
"領航北路","三段","A","121.209149000","25.013746000","1","1840","2.49000","59.00000"
"領航北路","三段","A","121.209283000","25.013878000","1","1860","3.22000","66.00000"
"領航北路","三段","A","121.209418000","25.014010000","1","1880","3.14000","59.00000"
"領航北路","三段","A","121.209552000","25.014143000","1","1900","3.08000","53.00000"
"領航北路","三段","A","121.209687000","25.014276000","1","1920","3.60000","47.00000"
"領航北路","三段","A","121.209821000","25.014409000","1","1940","3.57000","56.00000"
"領航北路","三段","A","121.209955000","25.014542000","1","1960","3.15000","62.00000"
"領航北路","三段","A","121.210089000","25.014674000","1","1980","2.91000","64.00000"
"領航北路","三段","A","121.210223000","25.014808000","1","2000","4.19000","70.00000"
"領航北路","三段","A","121.210356000","25.014941000","1","2020","3.96000","82.00000"
"領航北路","三段","A","121.210490000","25.015075000","1","2040","2.73000","87.00000"
"領航北路","三段","A","121.210623000","25.015208000","1","2060","3.31000","90.00000"
"領航北路","三段","A","121.210757000","25.015342000","1","2080","3.66000","81.00000"
"領航北路","三段","A","121.210890000","25.015475000","1","2100","3.78000","74.00000"
"領航北路","三段","A","121.211024000","25.015609000","1","2120","2.79000","76.00000"
"領航北路","三段","A","121.211158000","25.015742000","1","2140","2.94000","74.00000"
"領航北路","三段","A","121.211292000","25.015875000","1","2160","3.00000","83.00000"
"領航北路","三段","A","121.211426000","25.016008000","1","2180","2.05000","61.00000"
"領航北路","三段","A","121.211560000","25.016141000","1","2200","3.52000","61.00000"
"領航北路","三段","A","121.211694000","25.016274000","1","2220","3.55000","63.00000"
"領航北路","三段","A","121.211828000","25.016407000","1","2240","2.46000","54.00000"
"領航北路","三段","A","121.211962000","25.016539000","1","2260","2.69000","43.00000"
"領航北路","三段","A","121.212097000","25.016672000","1","2280","3.26000","63.00000"
"領航北路","三段","A","121.212232000","25.016804000","1","2300","3.12000","47.00000"
"領航北路","三段","A","121.212367000","25.016936000","1","2320","3.34000","62.00000"
"領航北路","三段","A","121.212502000","25.017069000","1","2340","4.49000","78.00000"
"領航北路","三段","A","121.212636000","25.017201000","1","2360","3.45000","52.00000"
"領航北路","三段","A","121.212770000","25.017334000","1","2380","4.06000","76.00000"
"領航北路","三段","A","121.212904000","25.017467000","1","2400","2.95000","67.00000"
"領航北路","三段","A","121.213038000","25.017601000","1","2420","2.14000","53.00000"
"領航北路","三段","A","121.213170000","25.017735000","1","2440","4.42000","52.00000"
"領航北路","三段","A","121.213302000","25.017870000","1","2460","5.83000","62.00000"
"領航北路","三段","A","121.213433000","25.018005000","1","2480","3.55000","55.00000"
"領航北路","三段","A","121.213565000","25.018140000","1","2500","2.93000","45.00000"
"領航北路","三段","A","121.213703000","25.018269000","1","2520","2.49000","70.00000"
"領航北路","三段","A","121.213841000","25.018399000","1","2540","3.10000","45.00000"
"領航北路","三段","A","121.213977000","25.018531000","1","2560","2.42000","63.00000"
"領航北路","三段","A","121.214110000","25.018664000","1","2580","3.58000","53.00000"
"領航北路","三段","A","121.214244000","25.018797000","1","2600","2.52000","68.00000"
"領航北路","三段","A","121.214378000","25.018931000","1","2620","3.25000","61.00000"
"領航北路","三段","A","121.214511000","25.019064000","1","2640","3.05000","64.00000"
"領航北路","三段","A","121.214645000","25.019197000","1","2660","3.41000","68.00000"
"領航北路","三段","A","121.214776000","25.019333000","1","2680","2.84000","70.00000"
"領航北路","三段","A","121.214890000","25.019477000","1","2700","3.29000","56.00000"
"領航北路","三段","A","121.214931000","25.019653000","1","2720","3.59000","49.00000"
"領航北路","三段","A","121.214880000","25.019705000","1","2720","3.63000","83.00000"
"領航北路","三段","A","121.214827000","25.019531000","1","2700","2.67000","82.00000"
"領航北路","三段","A","121.214735000","25.019374000","1","2680","4.01000","84.00000"
"領航北路","三段","A","121.214600000","25.019242000","1","2660","3.43000","83.00000"
"領航北路","三段","A","121.214464000","25.019110000","1","2640","3.62000","82.00000"
"領航北路","三段","A","121.214329000","25.018978000","1","2620","2.55000","81.00000"
"領航北路","三段","A","121.214193000","25.018847000","1","2600","3.46000","85.00000"
"領航北路","三段","A","121.214058000","25.018715000","1","2580","4.38000","82.00000"
"領航北路","三段","A","121.213922000","25.018583000","1","2560","3.12000","84.00000"
"領航北路","三段","A","121.213785000","25.018452000","1","2540","3.82000","84.00000"
"領航北路","三段","A","121.213646000","25.018324000","1","2520","2.60000","83.00000"
"領航北路","三段","A","121.213506000","25.018196000","1","2500","2.39000","84.00000"
"領航北路","三段","A","121.213373000","25.018062000","1","2480","4.23000","82.00000"
"領航北路","三段","A","121.213241000","25.017928000","1","2460","2.14000","83.00000"
"領航北路","三段","A","121.213108000","25.017794000","1","2440","3.85000","82.00000"
"領航北路","三段","A","121.212976000","25.017659000","1","2420","3.35000","86.00000"
"領航北路","三段","A","121.212844000","25.017525000","1","2400","3.25000","85.00000"
"領航北路","三段","A","121.212711000","25.017390000","1","2380","3.60000","82.00000"
"領航北路","三段","A","121.212578000","25.017257000","1","2360","4.46000","84.00000"
"領航北路","三段","A","121.212438000","25.017129000","1","2340","4.08000","82.00000"
"領航北路","三段","A","121.212300000","25.017000000","1","2320","3.20000","83.00000"
"領航北路","三段","A","121.212168000","25.016865000","1","2300","3.06000","81.00000"
"領航北路","三段","A","121.212036000","25.016731000","1","2280","4.18000","84.00000"
"領航北路","三段","A","121.211903000","25.016596000","1","2260","3.53000","83.00000"
"領航北路","三段","A","121.211769000","25.016463000","1","2240","3.95000","82.00000"
"領航北路","三段","A","121.211635000","25.016330000","1","2220","4.15000","83.00000"
"領航北路","三段","A","121.211501000","25.016197000","1","2200","3.35000","83.00000"
"領航北路","三段","A","121.211367000","25.016064000","1","2180","2.04000","82.00000"
"領航北路","三段","A","121.211233000","25.015931000","1","2160","3.34000","83.00000"
"領航北路","三段","A","121.211100000","25.015798000","1","2140","3.16000","82.00000"
"領航北路","三段","A","121.210966000","25.015664000","1","2120","4.16000","84.00000"
"領航北路","三段","A","121.210833000","25.015531000","1","2100","2.67000","83.00000"
"領航北路","三段","A","121.210699000","25.015397000","1","2080","3.18000","82.00000"
"領航北路","三段","A","121.210566000","25.015264000","1","2060","3.19000","84.00000"
"領航北路","三段","A","121.210433000","25.015130000","1","2040","4.24000","83.00000"
"領航北路","三段","A","121.210299000","25.014996000","1","2020","3.46000","84.00000"
"領航北路","三段","A","121.210166000","25.014863000","1","2000","4.25000","84.00000"
"領航北路","三段","A","121.210033000","25.014729000","1","1980","2.92000","83.00000"
"領航北路","三段","A","121.209900000","25.014595000","1","1960","3.55000","82.00000"
"領航北路","三段","A","121.209767000","25.014461000","1","1940","3.84000","82.00000"
"領航北路","三段","A","121.209636000","25.014326000","1","1920","3.19000","83.00000"
"領航北路","三段","A","121.209506000","25.014189000","1","1900","3.21000","84.00000"
"領航北路","三段","A","121.209375000","25.014054000","1","1880","2.29000","82.00000"
"領航北路","三段","A","121.209240000","25.013922000","1","1860","2.64000","82.00000"
"領航北路","三段","A","121.209104000","25.013790000","1","1840","2.57000","82.00000"
"領航北路","三段","A","121.208969000","25.013659000","1","1820","3.72000","83.00000"
"領航北路","三段","A","121.208833000","25.013527000","1","1800","4.47000","84.00000"
"領航北路","三段","A","121.208698000","25.013395000","1","1780","4.11000","85.00000"
"領航北路","三段","A","121.208563000","25.013262000","1","1760","3.81000","85.00000"
"領航北路","三段","A","121.208429000","25.013130000","1","1740","3.49000","84.00000"
"領航北路","三段","A","121.208294000","25.012997000","1","1720","3.59000","83.00000"
"領航北路","三段","A","121.208160000","25.012864000","1","1700","2.74000","81.00000"
"領航北路","三段","A","121.208026000","25.012731000","1","1680","2.87000","83.00000"
"領航北路","三段","A","121.207892000","25.012598000","1","1660","2.36000","82.00000"
"領航北路","三段","A","121.207758000","25.012465000","1","1640","2.88000","88.00000"
"領航北路","三段","A","121.207624000","25.012332000","1","1620","3.23000","84.00000"
"領航北路","三段","A","121.207490000","25.012199000","1","1600","3.64000","86.00000"
"領航北路","三段","A","121.207359000","25.012064000","1","1580","3.65000","85.00000"
"領航北路","三段","A","121.214840000","25.019708000","2","2720","4.15000","83.00000"
"領航北路","三段","A","121.214787000","25.019534000","2","2700","2.17000","82.00000"
"領航北路","三段","A","121.214688000","25.019381000","2","2680","3.25000","84.00000"
"領航北路","三段","A","121.214552000","25.019249000","2","2660","4.39000","83.00000"
"領航北路","三段","A","121.214417000","25.019117000","2","2640","2.11000","82.00000"
"領航北路","三段","A","121.214281000","25.018985000","2","2620","2.46000","81.00000"
"領航北路","三段","A","121.214146000","25.018854000","2","2600","4.49000","85.00000"
"領航北路","三段","A","121.214010000","25.018722000","2","2580","2.57000","82.00000"
"領航北路","三段","A","121.213875000","25.018590000","2","2560","2.17000","84.00000"
"領航北路","三段","A","121.213738000","25.018460000","2","2540","3.04000","84.00000"
"領航北路","三段","A","121.213598000","25.018332000","2","2520","2.27000","83.00000"
"領航北路","三段","A","121.213459000","25.018203000","2","2500","2.82000","84.00000"
"領航北路","三段","A","121.213326000","25.018069000","2","2480","3.02000","82.00000"
"領航北路","三段","A","121.213194000","25.017935000","2","2460","3.83000","83.00000"
"領航北路","三段","A","121.213062000","25.017800000","2","2440","3.05000","82.00000"
"領航北路","三段","A","121.212929000","25.017666000","2","2420","3.56000","86.00000"
"領航北路","三段","A","121.212797000","25.017531000","2","2400","2.70000","85.00000"
"領航北路","三段","A","121.212664000","25.017397000","2","2380","3.90000","82.00000"
"領航北路","三段","A","121.212531000","25.017264000","2","2360","2.34000","84.00000"
"領航北路","三段","A","121.212390000","25.017137000","2","2340","4.30000","82.00000"
"領航北路","三段","A","121.212253000","25.017006000","2","2320","3.46000","83.00000"
"領航北路","三段","A","121.212121000","25.016872000","2","2300","3.43000","81.00000"
"領航北路","三段","A","121.211989000","25.016737000","2","2280","3.80000","84.00000"
"領航北路","三段","A","121.211856000","25.016603000","2","2260","3.15000","83.00000"
"領航北路","三段","A","121.211722000","25.016470000","2","2240","4.05000","82.00000"
"領航北路","三段","A","121.211588000","25.016337000","2","2220","2.06000","83.00000"
"領航北路","三段","A","121.211454000","25.016204000","2","2200","3.60000","83.00000"
"領航北路","三段","A","121.211320000","25.016071000","2","2180","4.17000","82.00000"
"領航北路","三段","A","121.211186000","25.015938000","2","2160","3.71000","83.00000"
"領航北路","三段","A","121.211053000","25.015805000","2","2140","2.89000","82.00000"
"領航北路","三段","A","121.210919000","25.015671000","2","2120","3.86000","84.00000"
"領航北路","三段","A","121.210786000","25.015538000","2","2100","3.36000","83.00000"
"領航北路","三段","A","121.210652000","25.015404000","2","2080","3.10000","82.00000"
"領航北路","三段","A","121.210519000","25.015271000","2","2060","4.15000","84.00000"
"領航北路","三段","A","121.210386000","25.015137000","2","2040","3.83000","83.00000"
"領航北路","三段","A","121.210253000","25.015003000","2","2020","3.81000","84.00000"
"領航北路","三段","A","121.210120000","25.014869000","2","2000","2.42000","84.00000"
"領航北路","三段","A","121.209986000","25.014736000","2","1980","2.08000","83.00000"
"領航北路","三段","A","121.209853000","25.014602000","2","1960","3.05000","82.00000"
"領航北路","三段","A","121.209720000","25.014468000","2","1940","2.72000","82.00000"
"領航北路","三段","A","121.209590000","25.014332000","2","1920","4.36000","83.00000"
"領航北路","三段","A","121.209460000","25.014196000","2","1900","4.30000","84.00000"
"領航北路","三段","A","121.209328000","25.014061000","2","1880","4.00000","82.00000"
"領航北路","三段","A","121.209193000","25.013929000","2","1860","3.06000","82.00000"
"領航北路","三段","A","121.209057000","25.013797000","2","1840","2.35000","82.00000"
"領航北路","三段","A","121.208922000","25.013666000","2","1820","2.74000","83.00000"
"領航北路","三段","A","121.208786000","25.013534000","2","1800","3.83000","84.00000"
"領航北路","三段","A","121.208651000","25.013402000","2","1780","4.17000","85.00000"
"領航北路","三段","A","121.208516000","25.013269000","2","1760","3.80000","85.00000"
"領航北路","三段","A","121.208382000","25.013137000","2","1740","3.86000","84.00000"
"領航北路","三段","A","121.208247000","25.013004000","2","1720","3.40000","83.00000"
"領航北路","三段","A","121.208113000","25.012871000","2","1700","4.41000","81.00000"
"領航北路","三段","A","121.207979000","25.012738000","2","1680","4.35000","83.00000"
"領航北路","三段","A","121.207845000","25.012605000","2","1660","4.36000","82.00000"
"領航北路","三段","A","121.207711000","25.012472000","2","1640","3.87000","88.00000"
"領航北路","三段","A","121.207577000","25.012339000","2","1620","3.69000","84.00000"
"領航北路","三段","A","121.207444000","25.012206000","2","1600","3.45000","86.00000"
"領航北路","三段","A","121.207313000","25.012070000","2","1580","2.06000","85.00000"
"領航北路","四段","A","121.214991000","25.019929000","2","2740","3.60000","83.00000"
"領航北路","四段","A","121.214983000","25.020109000","2","2760","2.52000","84.00000"
"領航北路","四段","A","121.214974000","25.020290000","2","2780","2.69000","84.00000"
"領航北路","四段","A","121.214977000","25.020470000","2","2800","4.06000","84.00000"
"領航北路","四段","A","121.214983000","25.020650000","2","2820","3.99000","85.00000"
"領航北路","四段","A","121.214999000","25.020830000","2","2840","3.97000","83.00000"
"領航北路","四段","A","121.215022000","25.021010000","2","2860","3.96000","84.00000"
"領航北路","四段","A","121.215056000","25.021187000","2","2880","2.11000","84.00000"
"領航北路","四段","A","121.215099000","25.021363000","2","2900","4.26000","83.00000"
"領航北路","四段","A","121.215153000","25.021537000","2","2920","4.22000","83.00000"
"領航北路","四段","A","121.215213000","25.021709000","2","2940","3.35000","85.00000"
"領航北路","四段","A","121.215282000","25.021878000","2","2960","2.30000","84.00000"
"領航北路","四段","A","121.215354000","25.022047000","2","2980","4.18000","83.00000"
"領航北路","四段","A","121.215444000","25.022207000","2","3000","3.31000","83.00000"
"領航北路","四段","A","121.215536000","25.022367000","2","3020","2.31000","84.00000"
"領航北路","四段","A","121.215635000","25.022524000","2","3040","2.82000","86.00000"
"領航北路","四段","A","121.215745000","25.022674000","2","3060","3.26000","84.00000"
"領航北路","四段","A","121.215859000","25.022822000","2","3080","2.16000","82.00000"
"領航北路","四段","A","121.215985000","25.022961000","2","3100","4.45000","84.00000"
"領航北路","四段","A","121.216114000","25.023098000","2","3120","4.35000","84.00000"
"領航北路","四段","A","121.216243000","25.023234000","2","3140","2.91000","83.00000"
"領航北路","四段","A","121.216376000","25.023368000","2","3160","3.10000","83.00000"
"領航北路","四段","A","121.216513000","25.023499000","2","3180","2.88000","84.00000"
"領航北路","四段","A","121.216647000","25.023632000","2","3200","2.68000","82.00000"
"領航北路","四段","A","121.216781000","25.023765000","2","3220","2.45000","83.00000"
"領航北路","四段","A","121.216914000","25.023899000","2","3240","3.67000","83.00000"
"領航北路","四段","A","121.217047000","25.024033000","2","3260","2.41000","84.00000"
"領航北路","四段","A","121.217180000","25.024167000","2","3280","3.29000","84.00000"
"領航北路","四段","A","121.217312000","25.024301000","2","3300","3.97000","84.00000"
"領航北路","四段","A","121.217445000","25.024435000","2","3320","3.42000","84.00000"
"領航北路","四段","A","121.217578000","25.024569000","2","3340","4.19000","83.00000"
"領航北路","四段","A","121.217710000","25.024703000","2","3360","2.64000","82.00000"
"領航北路","四段","A","121.217843000","25.024837000","2","3380","3.82000","84.00000"
"領航北路","四段","A","121.217975000","25.024972000","2","3400","2.96000","82.00000"
"領航北路","四段","A","121.218107000","25.025107000","2","3420","2.59000","85.00000"
"領航北路","四段","A","121.218258000","25.025222000","2","3440","2.63000","84.00000"
"領航北路","四段","A","121.218435000","25.025302000","2","3460","2.75000","84.00000"
"領航北路","四段","A","121.218630000","25.025331000","2","3480","3.12000","83.00000"
"領航北路","四段","A","121.218826000","25.025313000","2","3500","3.98000","83.00000"
"領航北路","四段","A","121.219011000","25.025249000","2","3520","4.07000","83.00000"
"領航北路","四段","A","121.219169000","25.025142000","2","3540","2.50000","83.00000"
"領航北路","四段","A","121.219316000","25.025020000","2","3560","4.36000","84.00000"
"領航北路","四段","A","121.219462000","25.024898000","2","3580","4.08000","85.00000"
"領航北路","四段","A","121.219608000","25.024776000","2","3600","2.44000","83.00000"
"領航北路","四段","A","121.219754000","25.024654000","2","3620","3.68000","82.00000"
"領航北路","四段","A","121.219900000","25.024531000","2","3640","2.09000","84.00000"
"領航北路","四段","A","121.220045000","25.024409000","2","3660","4.22000","83.00000"
"領航北路","四段","A","121.220191000","25.024287000","2","3680","3.66000","84.00000"
"領航北路","四段","A","121.220336000","25.024164000","2","3700","3.01000","84.00000"
"領航北路","四段","A","121.220482000","25.024041000","2","3720","3.68000","84.00000"
"領航北路","四段","A","121.220629000","25.023920000","2","3740","2.82000","83.00000"
"領航北路","四段","A","121.220776000","25.023799000","2","3760","3.64000","83.00000"
"領航北路","四段","A","121.220922000","25.023678000","2","3780","4.08000","83.00000"
"領航北路","四段","A","121.221069000","25.023556000","2","3800","3.82000","83.00000"
"領航北路","四段","A","121.221213000","25.023432000","2","3820","2.50000","83.00000"
"領航北路","四段","A","121.221357000","25.023308000","2","3840","2.94000","84.00000"
"領航北路","四段","A","121.221506000","25.023189000","2","3860","3.38000","84.00000"
"領航北路","四段","A","121.221655000","25.023070000","2","3880","4.18000","84.00000"
"領航北路","四段","A","121.221804000","25.022951000","2","3900","4.05000","84.00000"
"領航北路","四段","A","121.221953000","25.022831000","2","3920","2.91000","83.00000"
"領航北路","四段","A","121.222099000","25.022710000","2","3940","2.95000","83.00000"
"領航北路","四段","A","121.222246000","25.022588000","2","3960","2.78000","83.00000"
"領航北路","四段","A","121.222392000","25.022467000","2","3980","2.85000","84.00000"
"領航北路","四段","A","121.222538000","25.022345000","2","4000","2.38000","84.00000"
"領航北路","四段","A","121.222685000","25.022223000","2","4020","2.28000","84.00000"
"領航北路","四段","A","121.222831000","25.022101000","2","4040","2.62000","84.00000"
"領航北路","四段","A","121.222977000","25.021979000","2","4060","3.25000","84.00000"
"領航北路","四段","A","121.223123000","25.021857000","2","4080","3.74000","84.00000"
"領航北路","四段","A","121.214951000","25.019928000","1","2740","2.84000","83.00000"
"領航北路","四段","A","121.214943000","25.020108000","1","2760","4.19000","84.00000"
"領航北路","四段","A","121.214934000","25.020289000","1","2780","3.23000","84.00000"
"領航北路","四段","A","121.214937000","25.020469000","1","2800","4.00000","84.00000"
"領航北路","四段","A","121.214943000","25.020650000","1","2820","2.56000","85.00000"
"領航北路","四段","A","121.214959000","25.020829000","1","2840","2.47000","83.00000"
"領航北路","四段","A","121.214982000","25.021009000","1","2860","3.29000","84.00000"
"領航北路","四段","A","121.215016000","25.021187000","1","2880","3.44000","84.00000"
"領航北路","四段","A","121.215058000","25.021363000","1","2900","3.47000","83.00000"
"領航北路","四段","A","121.215111000","25.021537000","1","2920","3.59000","83.00000"
"領航北路","四段","A","121.215170000","25.021709000","1","2940","2.83000","85.00000"
"領航北路","四段","A","121.215239000","25.021878000","1","2960","4.20000","84.00000"
"領航北路","四段","A","121.215309000","25.022047000","1","2980","3.43000","83.00000"
"領航北路","四段","A","121.215400000","25.022208000","1","3000","2.10000","83.00000"
"領航北路","四段","A","121.215491000","25.022368000","1","3020","3.15000","84.00000"
"領航北路","四段","A","121.215590000","25.022525000","1","3040","4.13000","86.00000"
"領航北路","四段","A","121.215698000","25.022676000","1","3060","2.61000","84.00000"
"領航北路","四段","A","121.215812000","25.022823000","1","3080","2.56000","82.00000"
"領航北路","四段","A","121.215936000","25.022964000","1","3100","3.13000","84.00000"
"領航北路","四段","A","121.216065000","25.023101000","1","3120","4.33000","84.00000"
"領航北路","四段","A","121.216194000","25.023238000","1","3140","2.24000","83.00000"
"領航北路","四段","A","121.216326000","25.023373000","1","3160","4.31000","83.00000"
"領航北路","四段","A","121.216464000","25.023503000","1","3180","4.31000","84.00000"
"領航北路","四段","A","121.216597000","25.023636000","1","3200","3.38000","82.00000"
"領航北路","四段","A","121.216731000","25.023769000","1","3220","2.99000","83.00000"
"領航北路","四段","A","121.216865000","25.023902000","1","3240","3.60000","83.00000"
"領航北路","四段","A","121.216997000","25.024037000","1","3260","2.05000","84.00000"
"領航北路","四段","A","121.217130000","25.024171000","1","3280","2.46000","84.00000"
"領航北路","四段","A","121.217263000","25.024305000","1","3300","3.53000","84.00000"
"領航北路","四段","A","121.217395000","25.024439000","1","3320","3.86000","84.00000"
"領航北路","四段","A","121.217528000","25.024573000","1","3340","2.87000","83.00000"
"領航北路","四段","A","121.217661000","25.024707000","1","3360","3.04000","82.00000"
"領航北路","四段","A","121.217793000","25.024841000","1","3380","3.72000","84.00000"
"領航北路","四段","A","121.217925000","25.024976000","1","3400","3.22000","82.00000"
"領航北路","四段","A","121.218057000","25.025111000","1","3420","3.39000","85.00000"
"領航北路","四段","A","121.218204000","25.025232000","1","3440","3.33000","84.00000"
"領航北路","四段","A","121.218375000","25.025320000","1","3460","3.61000","84.00000"
"領航北路","四段","A","121.218566000","25.025365000","1","3480","4.04000","83.00000"
"領航北路","四段","A","121.218764000","25.025360000","1","3500","4.41000","83.00000"
"領航北路","四段","A","121.218953000","25.025310000","1","3520","2.93000","83.00000"
"領航北路","四段","A","121.219125000","25.025223000","1","3540","3.85000","83.00000"
"領航北路","四段","A","121.219275000","25.025104000","1","3560","2.12000","84.00000"
"領航北路","四段","A","121.219421000","25.024982000","1","3580","3.54000","85.00000"
"領航北路","四段","A","121.219567000","25.024860000","1","3600","4.21000","83.00000"
"領航北路","四段","A","121.219712000","25.024738000","1","3620","2.49000","82.00000"
"領航北路","四段","A","121.219858000","25.024615000","1","3640","3.87000","84.00000"
"領航北路","四段","A","121.220004000","25.024493000","1","3660","2.80000","83.00000"
"領航北路","四段","A","121.220150000","25.024371000","1","3680","4.02000","84.00000"
"領航北路","四段","A","121.220295000","25.024248000","1","3700","3.23000","84.00000"
"領航北路","四段","A","121.220441000","25.024125000","1","3720","2.12000","84.00000"
"領航北路","四段","A","121.220587000","25.024004000","1","3740","3.82000","83.00000"
"領航北路","四段","A","121.220734000","25.023882000","1","3760","3.37000","83.00000"
"領航北路","四段","A","121.220881000","25.023761000","1","3780","3.99000","83.00000"
"領航北路","四段","A","121.221027000","25.023640000","1","3800","2.20000","83.00000"
"領航北路","四段","A","121.221172000","25.023517000","1","3820","2.81000","83.00000"
"領航北路","四段","A","121.221316000","25.023392000","1","3840","2.14000","84.00000"
"領航北路","四段","A","121.221463000","25.023271000","1","3860","3.84000","84.00000"
"領航北路","四段","A","121.221612000","25.023152000","1","3880","2.64000","84.00000"
"領航北路","四段","A","121.221761000","25.023033000","1","3900","3.96000","84.00000"
"領航北路","四段","A","121.221911000","25.022915000","1","3920","2.83000","83.00000"
"領航北路","四段","A","121.222057000","25.022793000","1","3940","4.29000","83.00000"
"領航北路","四段","A","121.222204000","25.022672000","1","3960","3.73000","83.00000"
"領航北路","四段","A","121.222351000","25.022550000","1","3980","4.22000","84.00000"
"領航北路","四段","A","121.222497000","25.022429000","1","4000","2.79000","84.00000"
"領航北路","四段","A","121.222643000","25.022307000","1","4020","3.26000","84.00000"
"領航北路","四段","A","121.222789000","25.022185000","1","4040","3.62000","84.00000"
"領航北路","四段","A","121.222935000","25.022063000","1","4060","3.45000","84.00000"
"領航北路","四段","A","121.223082000","25.021941000","1","4080","3.44000","84.00000"
"領航北路","四段","A","121.223299000","25.021815000","1","4120","2.71000",NULL
"領航北路","四段","A","121.223153000","25.021937000","1","4100","3.37000","0.00000"
"領航北路","四段","A","121.223007000","25.022059000","1","4080","3.08000","83.00000"
"領航北路","四段","A","121.222861000","25.022181000","1","4060","2.51000","84.00000"
"領航北路","四段","A","121.222715000","25.022303000","1","4040","3.40000","81.00000"
"領航北路","四段","A","121.222569000","25.022425000","1","4020","4.48000","83.00000"
"領航北路","四段","A","121.222422000","25.022547000","1","4000","2.82000","82.00000"
"領航北路","四段","A","121.222276000","25.022668000","1","3980","2.11000","84.00000"
"領航北路","四段","A","121.222129000","25.022790000","1","3960","3.85000","85.00000"
"領航北路","四段","A","121.221983000","25.022911000","1","3940","2.48000","83.00000"
"領航北路","四段","A","121.221836000","25.023033000","1","3920","3.21000","83.00000"
"領航北路","四段","A","121.221689000","25.023154000","1","3900","2.23000","82.00000"
"領航北路","四段","A","121.221543000","25.023276000","1","3880","2.49000","82.00000"
"領航北路","四段","A","121.221397000","25.023398000","1","3860","3.61000","83.00000"
"領航北路","四段","A","121.221251000","25.023520000","1","3840","3.16000","81.00000"
"領航北路","四段","A","121.221106000","25.023643000","1","3820","3.19000","82.00000"
"領航北路","四段","A","121.220960000","25.023766000","1","3800","3.74000","81.00000"
"領航北路","四段","A","121.220813000","25.023887000","1","3780","2.13000","82.00000"
"領航北路","四段","A","121.220667000","25.024008000","1","3760","3.48000","82.00000"
"領航北路","四段","A","121.220520000","25.024129000","1","3740","3.90000","81.00000"
"領航北路","四段","A","121.220373000","25.024251000","1","3720","4.07000","82.00000"
"領航北路","四段","A","121.220226000","25.024372000","1","3700","2.54000","82.00000"
"領航北路","四段","A","121.220081000","25.024495000","1","3680","2.38000","82.00000"
"領航北路","四段","A","121.219936000","25.024618000","1","3660","4.26000","83.00000"
"領航北路","四段","A","121.219790000","25.024741000","1","3640","2.79000","82.00000"
"領航北路","四段","A","121.219645000","25.024863000","1","3620","3.80000","82.00000"
"領航北路","四段","A","121.219499000","25.024985000","1","3600","2.44000","83.00000"
"領航北路","四段","A","121.219352000","25.025107000","1","3580","3.65000","82.00000"
"領航北路","四段","A","121.219206000","25.025228000","1","3560","2.65000","81.00000"
"領航北路","四段","A","121.219047000","25.025336000","1","3540","4.49000","83.00000"
"領航北路","四段","A","121.218862000","25.025398000","1","3520","2.28000","84.00000"
"領航北路","四段","A","121.218666000","25.025422000","1","3500","2.70000","83.00000"
"領航北路","四段","A","121.218470000","25.025400000","1","3480","4.12000","81.00000"
"領航北路","四段","A","121.218285000","25.025338000","1","3460","2.89000","84.00000"
"領航北路","四段","A","121.218122000","25.025236000","1","3440","3.00000","82.00000"
"領航北路","四段","A","121.217983000","25.025108000","1","3420","3.95000","82.00000"
"領航北路","四段","A","121.217850000","25.024974000","1","3400","4.12000","83.00000"
"領航北路","四段","A","121.217717000","25.024840000","1","3380","2.32000","84.00000"
"領航北路","四段","A","121.217584000","25.024706000","1","3360","3.57000","82.00000"
"領航北路","四段","A","121.217451000","25.024572000","1","3340","3.15000","83.00000"
"領航北路","四段","A","121.217318000","25.024438000","1","3320","2.43000","82.00000"
"領航北路","四段","A","121.217185000","25.024304000","1","3300","3.69000","82.00000"
"領航北路","四段","A","121.217052000","25.024170000","1","3280","2.47000","82.00000"
"領航北路","四段","A","121.216919000","25.024036000","1","3260","3.93000","83.00000"
"領航北路","四段","A","121.216786000","25.023903000","1","3240","2.77000","82.00000"
"領航北路","四段","A","121.216654000","25.023768000","1","3220","3.49000","83.00000"
"領航北路","四段","A","121.216521000","25.023635000","1","3200","2.62000","82.00000"
"領航北路","四段","A","121.216387000","25.023501000","1","3180","4.24000","83.00000"
"領航北路","四段","A","121.216253000","25.023368000","1","3160","3.03000","82.00000"
"領航北路","四段","A","121.216121000","25.023233000","1","3140","3.36000","83.00000"
"領航北路","四段","A","121.215992000","25.023097000","1","3120","4.24000","82.00000"
"領航北路","四段","A","121.215863000","25.022960000","1","3100","2.49000","83.00000"
"領航北路","四段","A","121.215743000","25.022816000","1","3080","3.06000","82.00000"
"領航北路","四段","A","121.215629000","25.022669000","1","3060","3.23000","83.00000"
"領航北路","四段","A","121.215524000","25.022515000","1","3040","2.79000","84.00000"
"領航北路","四段","A","121.215426000","25.022358000","1","3020","4.06000","82.00000"
"領航北路","四段","A","121.215336000","25.022198000","1","3000","4.06000","82.00000"
"領航北路","四段","A","121.215249000","25.022036000","1","2980","3.02000","84.00000"
"領航北路","四段","A","121.215179000","25.021867000","1","2960","2.98000","83.00000"
"領航北路","四段","A","121.215110000","25.021697000","1","2940","3.72000","84.00000"
"領航北路","四段","A","121.215054000","25.021524000","1","2920","2.87000","83.00000"
"領航北路","四段","A","121.215000000","25.021351000","1","2900","2.98000","84.00000"
"領航北路","四段","A","121.214960000","25.021174000","1","2880","4.03000","83.00000"
"領航北路","四段","A","121.214928000","25.020996000","1","2860","4.27000","82.00000"
"領航北路","四段","A","121.214905000","25.020816000","1","2840","2.97000","83.00000"
"領航北路","四段","A","121.214891000","25.020637000","1","2820","3.75000","82.00000"
"領航北路","四段","A","121.214885000","25.020456000","1","2800","3.23000","83.00000"
"領航北路","四段","A","121.214883000","25.020276000","1","2780","3.33000","84.00000"
"領航北路","四段","A","121.214892000","25.020095000","1","2760","3.71000","83.00000"
"領航北路","四段","A","121.214899000","25.019915000","1","2740","4.06000","82.00000"
"領航北路","四段","A","121.223326000","25.021842000","2","4120","4.05000",NULL
"領航北路","四段","A","121.223180000","25.021964000","2","4100","2.18000","0.00000"
"領航北路","四段","A","121.223034000","25.022086000","2","4080","2.14000","83.00000"
"領航北路","四段","A","121.222888000","25.022208000","2","4060","4.24000","84.00000"
"領航北路","四段","A","121.222742000","25.022330000","2","4040","2.21000","81.00000"
"領航北路","四段","A","121.222595000","25.022452000","2","4020","2.08000","83.00000"
"領航北路","四段","A","121.222449000","25.022573000","2","4000","3.72000","82.00000"
"領航北路","四段","A","121.222303000","25.022695000","2","3980","3.74000","84.00000"
"領航北路","四段","A","121.222156000","25.022817000","2","3960","2.10000","85.00000"
"領航北路","四段","A","121.222009000","25.022938000","2","3940","3.68000","83.00000"
"領航北路","四段","A","121.221863000","25.023059000","2","3920","4.04000","83.00000"
"領航北路","四段","A","121.221716000","25.023181000","2","3900","4.12000","82.00000"
"領航北路","四段","A","121.221569000","25.023302000","2","3880","2.49000","82.00000"
"領航北路","四段","A","121.221423000","25.023424000","2","3860","3.40000","83.00000"
"領航北路","四段","A","121.221278000","25.023547000","2","3840","4.18000","81.00000"
"領航北路","四段","A","121.221132000","25.023670000","2","3820","3.92000","82.00000"
"領航北路","四段","A","121.220987000","25.023792000","2","3800","3.01000","81.00000"
"領航北路","四段","A","121.220840000","25.023914000","2","3780","2.43000","82.00000"
"領航北路","四段","A","121.220693000","25.024035000","2","3760","2.09000","82.00000"
"領航北路","四段","A","121.220547000","25.024156000","2","3740","2.16000","81.00000"
"領航北路","四段","A","121.220400000","25.024277000","2","3720","3.61000","82.00000"
"領航北路","四段","A","121.220253000","25.024399000","2","3700","2.47000","82.00000"
"領航北路","四段","A","121.220108000","25.024521000","2","3680","3.51000","82.00000"
"領航北路","四段","A","121.219962000","25.024644000","2","3660","3.82000","83.00000"
"領航北路","四段","A","121.219817000","25.024767000","2","3640","2.13000","82.00000"
"領航北路","四段","A","121.219672000","25.024890000","2","3620","3.63000","82.00000"
"領航北路","四段","A","121.219525000","25.025012000","2","3600","4.43000","83.00000"
"領航北路","四段","A","121.219379000","25.025133000","2","3580","2.32000","82.00000"
"領航北路","四段","A","121.219233000","25.025255000","2","3560","2.53000","81.00000"
"領航北路","四段","A","121.219075000","25.025364000","2","3540","3.85000","83.00000"
"領航北路","四段","A","121.218891000","25.025429000","2","3520","2.66000","84.00000"
"領航北路","四段","A","121.218696000","25.025458000","2","3500","4.42000","83.00000"
"領航北路","四段","A","121.218499000","25.025442000","2","3480","2.68000","81.00000"
"領航北路","四段","A","121.218310000","25.025389000","2","3460","2.24000","84.00000"
"領航北路","四段","A","121.218139000","25.025298000","2","3440","3.50000","82.00000"
"領航北路","四段","A","121.217996000","25.025173000","2","3420","3.70000","82.00000"
"領航北路","四段","A","121.217863000","25.025040000","2","3400","2.55000","83.00000"
"領航北路","四段","A","121.217729000","25.024907000","2","3380","3.18000","84.00000"
"領航北路","四段","A","121.217596000","25.024773000","2","3360","2.26000","82.00000"
"領航北路","四段","A","121.217464000","25.024639000","2","3340","2.28000","83.00000"
"領航北路","四段","A","121.217331000","25.024505000","2","3320","3.09000","82.00000"
"領航北路","四段","A","121.217198000","25.024371000","2","3300","3.09000","82.00000"
"領航北路","四段","A","121.217065000","25.024237000","2","3280","3.94000","82.00000"
"領航北路","四段","A","121.216932000","25.024103000","2","3260","4.20000","83.00000"
"領航北路","四段","A","121.216798000","25.023970000","2","3240","3.41000","82.00000"
"領航北路","四段","A","121.216666000","25.023835000","2","3220","4.49000","83.00000"
"領航北路","四段","A","121.216533000","25.023701000","2","3200","3.13000","82.00000"
"領航北路","四段","A","121.216400000","25.023567000","2","3180","2.75000","83.00000"
"領航北路","四段","A","121.216266000","25.023435000","2","3160","3.98000","82.00000"
"領航北路","四段","A","121.216133000","25.023301000","2","3140","3.90000","83.00000"
"領航北路","四段","A","121.216003000","25.023164000","2","3120","2.57000","82.00000"
"領航北路","四段","A","121.215874000","25.023027000","2","3100","2.86000","83.00000"
"領航北路","四段","A","121.215749000","25.022887000","2","3080","2.01000","82.00000"
"領航北路","四段","A","121.215635000","25.022740000","2","3060","2.92000","83.00000"
"領航北路","四段","A","121.215525000","25.022590000","2","3040","3.50000","84.00000"
"領航北路","四段","A","121.215426000","25.022433000","2","3020","4.39000","82.00000"
"領航北路","四段","A","121.215334000","25.022273000","2","3000","3.89000","82.00000"
"領航北路","四段","A","121.215243000","25.022113000","2","2980","3.11000","84.00000"
"領航北路","四段","A","121.215169000","25.021945000","2","2960","2.35000","83.00000"
"領航北路","四段","A","121.215100000","25.021776000","2","2940","2.77000","84.00000"
"領航北路","四段","A","121.215037000","25.021605000","2","2920","3.75000","83.00000"
"領航北路","四段","A","121.214984000","25.021431000","2","2900","3.22000","84.00000"
"領航北路","四段","A","121.214937000","25.021256000","2","2880","2.04000","83.00000"
"領航北路","四段","A","121.214899000","25.021079000","2","2860","2.37000","82.00000"
"領航北路","四段","A","121.214876000","25.020899000","2","2840","4.45000","83.00000"
"領航北路","四段","A","121.214853000","25.020720000","2","2820","3.18000","82.00000"
"領航北路","四段","A","121.214848000","25.020540000","2","2800","2.93000","83.00000"
"領航北路","四段","A","121.214843000","25.020359000","2","2780","2.50000","84.00000"
"領航北路","四段","A","121.214848000","25.020179000","2","2760","2.31000","83.00000"
"領航北路","四段","A","121.214857000","25.019998000","2","2740","2.40000","82.00000"
"領航北路","二段","A","121.201253000","25.006729000","1","720","3.00000","85.00000"
"領航北路","二段","A","121.201333000","25.006894000","1","740","2.65000","84.00000"
"領航北路","二段","A","121.201428000","25.007052000","1","760","3.36000","84.00000"
"領航北路","二段","A","121.201533000","25.007205000","1","780","2.30000","84.00000"
"領航北路","二段","A","121.201673000","25.007333000","1","800","3.50000","84.00000"
"領航北路","二段","A","121.201812000","25.007461000","1","820","2.69000","83.00000"
"領航北路","二段","A","121.201982000","25.007554000","1","840","2.07000","83.00000"
"領航北路","二段","A","121.202150000","25.007650000","1","860","2.09000","84.00000"
"領航北路","二段","A","121.202316000","25.007749000","1","880","4.00000","82.00000"
"領航北路","二段","A","121.202480000","25.007850000","1","900","2.42000","86.00000"
"領航北路","二段","A","121.202648000","25.007945000","1","920","4.01000","83.00000"
"領航北路","二段","A","121.202817000","25.008040000","1","940","2.37000","82.00000"
"領航北路","二段","A","121.202986000","25.008134000","1","960","2.26000","85.00000"
"領航北路","二段","A","121.203154000","25.008229000","1","980","4.50000","84.00000"
"領航北路","二段","A","121.203321000","25.008327000","1","1000","3.21000","84.00000"
"領航北路","二段","A","121.203487000","25.008426000","1","1020","4.25000","82.00000"
"領航北路","二段","A","121.203653000","25.008524000","1","1040","2.85000","83.00000"
"領航北路","二段","A","121.203819000","25.008622000","1","1060","2.84000","82.00000"
"領航北路","二段","A","121.203985000","25.008721000","1","1080","3.84000","83.00000"
"領航北路","二段","A","121.204152000","25.008819000","1","1100","3.03000","84.00000"
"領航北路","二段","A","121.204307000","25.008929000","1","1120","3.99000","83.00000"
"領航北路","二段","A","121.204442000","25.009061000","1","1140","4.01000","83.00000"
"領航北路","二段","A","121.204577000","25.009194000","1","1160","3.14000","85.00000"
"領航北路","二段","A","121.204711000","25.009326000","1","1180","3.02000","84.00000"
"領航北路","二段","A","121.204845000","25.009460000","1","1200","2.03000","83.00000"
"領航北路","二段","A","121.204978000","25.009593000","1","1220","2.88000","83.00000"
"領航北路","二段","A","121.205111000","25.009727000","1","1240","3.67000","83.00000"
"領航北路","二段","A","121.205245000","25.009860000","1","1260","4.00000","85.00000"
"領航北路","二段","A","121.205378000","25.009994000","1","1280","2.26000","83.00000"
"領航北路","二段","A","121.205512000","25.010127000","1","1300","2.58000","84.00000"
"領航北路","二段","A","121.205643000","25.010263000","1","1320","3.58000","82.00000"
"領航北路","二段","A","121.205774000","25.010398000","1","1340","2.64000","84.00000"
"領航北路","二段","A","121.205908000","25.010531000","1","1360","2.75000","83.00000"
"領航北路","二段","A","121.206042000","25.010664000","1","1380","2.64000","84.00000"
"領航北路","二段","A","121.206177000","25.010796000","1","1400","2.95000","83.00000"
"領航北路","二段","A","121.206311000","25.010929000","1","1420","4.44000","85.00000"
"領航北路","二段","A","121.206446000","25.011062000","1","1440","3.18000","82.00000"
"領航北路","二段","A","121.206581000","25.011194000","1","1460","3.64000","86.00000"
"領航北路","二段","A","121.206716000","25.011326000","1","1480","4.34000","82.00000"
"領航北路","二段","A","121.206851000","25.011458000","1","1500","2.77000","86.00000"
"領航北路","二段","A","121.206986000","25.011590000","1","1520","3.16000","84.00000"
"領航北路","二段","A","121.207121000","25.011722000","1","1540","4.07000","82.00000"
"領航北路","二段","A","121.207256000","25.011854000","1","1560","3.22000","83.00000"
"領航北路","二段","A","121.201290000","25.006715000","2","720","3.38000","85.00000"
"領航北路","二段","A","121.201369000","25.006880000","2","740","6.18000","84.00000"
"領航北路","二段","A","121.201465000","25.007038000","2","760","3.29000","84.00000"
"領航北路","二段","A","121.201572000","25.007189000","2","780","2.77000","84.00000"
"領航北路","二段","A","121.201712000","25.007317000","2","800","2.73000","84.00000"
"領航北路","二段","A","121.201853000","25.007444000","2","820","2.63000","83.00000"
"領航北路","二段","A","121.202024000","25.007535000","2","840","2.78000","83.00000"
"領航北路","二段","A","121.202192000","25.007631000","2","860","2.30000","84.00000"
"領航北路","二段","A","121.202357000","25.007730000","2","880","2.49000","82.00000"
"領航北路","二段","A","121.202521000","25.007831000","2","900","2.94000","86.00000"
"領航北路","二段","A","121.202690000","25.007926000","2","920","2.99000","83.00000"
"領航北路","二段","A","121.202859000","25.008021000","2","940","4.25000","82.00000"
"領航北路","二段","A","121.203027000","25.008115000","2","960","2.87000","85.00000"
"領航北路","二段","A","121.203196000","25.008210000","2","980","3.00000","84.00000"
"領航北路","二段","A","121.203362000","25.008309000","2","1000","3.24000","84.00000"
"領航北路","二段","A","121.203528000","25.008407000","2","1020","2.55000","82.00000"
"領航北路","二段","A","121.203694000","25.008506000","2","1040","4.39000","83.00000"
"領航北路","二段","A","121.203861000","25.008604000","2","1060","2.49000","82.00000"
"領航北路","二段","A","121.204027000","25.008702000","2","1080","2.21000","83.00000"
"領航北路","二段","A","121.204193000","25.008800000","2","1100","2.35000","84.00000"
"領航北路","二段","A","121.204345000","25.008914000","2","1120","2.58000","83.00000"
"領航北路","二段","A","121.204481000","25.009046000","2","1140","2.70000","83.00000"
"領航北路","二段","A","121.204615000","25.009178000","2","1160","2.70000","85.00000"
"領航北路","二段","A","121.204749000","25.009311000","2","1180","4.03000","84.00000"
"領航北路","二段","A","121.204883000","25.009445000","2","1200","2.29000","83.00000"
"領航北路","二段","A","121.205016000","25.009578000","2","1220","3.03000","83.00000"
"領航北路","二段","A","121.205150000","25.009712000","2","1240","3.12000","83.00000"
"領航北路","二段","A","121.205283000","25.009845000","2","1260","2.30000","85.00000"
"領航北路","二段","A","121.205417000","25.009979000","2","1280","2.01000","83.00000"
"領航北路","二段","A","121.205550000","25.010112000","2","1300","2.99000","84.00000"
"領航北路","二段","A","121.205681000","25.010248000","2","1320","3.99000","82.00000"
"領航北路","二段","A","121.205812000","25.010383000","2","1340","2.00000","84.00000"
"領航北路","二段","A","121.205947000","25.010516000","2","1360","4.11000","83.00000"
"領航北路","二段","A","121.206081000","25.010648000","2","1380","3.46000","84.00000"
"領航北路","二段","A","121.206215000","25.010781000","2","1400","3.76000","83.00000"
"領航北路","二段","A","121.206350000","25.010914000","2","1420","2.33000","85.00000"
"領航北路","二段","A","121.206484000","25.011046000","2","1440","4.08000","82.00000"
"領航北路","二段","A","121.206619000","25.011178000","2","1460","3.83000","86.00000"
"領航北路","二段","A","121.206754000","25.011311000","2","1480","3.70000","82.00000"
"領航北路","二段","A","121.206889000","25.011443000","2","1500","4.41000","86.00000"
"領航北路","二段","A","121.207024000","25.011575000","2","1520","2.47000","84.00000"
"領航北路","二段","A","121.207159000","25.011707000","2","1540","3.82000","82.00000"
"領航北路","二段","A","121.207295000","25.011839000","2","1560","4.40000","83.00000"
"領航北路","二段","A","121.207209000","25.011906000","1","1560","3.72000","84.00000"
"領航北路","二段","A","121.207080000","25.011769000","1","1540","2.76000","83.00000"
"領航北路","二段","A","121.206950000","25.011633000","1","1520","2.81000","84.00000"
"領航北路","二段","A","121.206817000","25.011500000","1","1500","2.01000","81.00000"
"領航北路","二段","A","121.206684000","25.011366000","1","1480","2.30000","83.00000"
"領航北路","二段","A","121.206551000","25.011232000","1","1460","2.30000","81.00000"
"領航北路","二段","A","121.206418000","25.011098000","1","1440","4.06000","81.00000"
"領航北路","二段","A","121.206283000","25.010965000","1","1420","2.87000","84.00000"
"領航北路","二段","A","121.206148000","25.010834000","1","1400","3.53000","83.00000"
"領航北路","二段","A","121.206013000","25.010702000","1","1380","3.61000","85.00000"
"領航北路","二段","A","121.205878000","25.010570000","1","1360","3.37000","83.00000"
"領航北路","二段","A","121.205742000","25.010438000","1","1340","2.86000","84.00000"
"領航北路","二段","A","121.205608000","25.010305000","1","1320","3.31000","87.00000"
"領航北路","二段","A","121.205473000","25.010173000","1","1300","3.89000","82.00000"
"領航北路","二段","A","121.205339000","25.010040000","1","1280","3.81000","82.00000"
"領航北路","二段","A","121.205204000","25.009907000","1","1260","2.77000","84.00000"
"領航北路","二段","A","121.205070000","25.009775000","1","1240","2.72000","86.00000"
"領航北路","二段","A","121.204935000","25.009642000","1","1220","3.98000","83.00000"
"領航北路","二段","A","121.204801000","25.009509000","1","1200","2.72000","86.00000"
"領航北路","二段","A","121.204670000","25.009374000","1","1180","3.72000","81.00000"
"領航北路","二段","A","121.204539000","25.009239000","1","1160","2.92000","82.00000"
"領航北路","二段","A","121.204408000","25.009103000","1","1140","3.76000","86.00000"
"領航北路","二段","A","121.204271000","25.008972000","1","1120","4.28000","82.00000"
"領航北路","二段","A","121.204117000","25.008861000","1","1100","4.19000","85.00000"
"領航北路","二段","A","121.203950000","25.008763000","1","1080","3.26000","82.00000"
"領航北路","二段","A","121.203783000","25.008666000","1","1060","2.08000","83.00000"
"領航北路","二段","A","121.203616000","25.008569000","1","1040","2.49000","84.00000"
"領航北路","二段","A","121.203449000","25.008472000","1","1020","3.84000","83.00000"
"領航北路","二段","A","121.203282000","25.008375000","1","1000","4.46000","87.00000"
"領航北路","二段","A","121.203115000","25.008278000","1","980","2.36000","82.00000"
"領航北路","二段","A","121.202948000","25.008180000","1","960","2.70000","82.00000"
"領航北路","二段","A","121.202781000","25.008083000","1","940","4.03000","84.00000"
"領航北路","二段","A","121.202615000","25.007985000","1","920","2.42000","84.00000"
"領航北路","二段","A","121.202448000","25.007887000","1","900","4.02000","82.00000"
"領航北路","二段","A","121.202281000","25.007791000","1","880","4.43000","82.00000"
"領航北路","二段","A","121.202112000","25.007696000","1","860","3.13000","81.00000"
"領航北路","二段","A","121.201944000","25.007600000","1","840","2.19000","87.00000"
"領航北路","二段","A","121.201781000","25.007497000","1","820","3.78000","85.00000"
"領航北路","二段","A","121.201635000","25.007376000","1","800","2.08000","87.00000"
"領航北路","二段","A","121.201497000","25.007247000","1","780","2.54000","86.00000"
"領航北路","二段","A","121.201384000","25.007100000","1","760","3.13000","84.00000"
"領航北路","二段","A","121.201292000","25.006941000","1","740","3.41000","84.00000"
"領航北路","二段","A","121.201204000","25.006779000","1","720","2.93000","82.00000"
"領航北路","二段","A","121.207179000","25.011930000","2","1560","4.40000","84.00000"
"領航北路","二段","A","121.207050000","25.011793000","2","1540","3.99000","83.00000"
"領航北路","二段","A","121.206920000","25.011657000","2","1520","2.33000","84.00000"
"領航北路","二段","A","121.206787000","25.011523000","2","1500","3.00000","81.00000"
"領航北路","二段","A","121.206654000","25.011389000","2","1480","2.64000","83.00000"
"領航北路","二段","A","121.206521000","25.011256000","2","1460","2.89000","81.00000"
"領航北路","二段","A","121.206388000","25.011122000","2","1440","3.01000","81.00000"
"領航北路","二段","A","121.206253000","25.010989000","2","1420","2.42000","84.00000"
"領航北路","二段","A","121.206118000","25.010857000","2","1400","2.18000","83.00000"
"領航北路","二段","A","121.205983000","25.010725000","2","1380","3.24000","85.00000"
"領航北路","二段","A","121.205848000","25.010593000","2","1360","3.06000","83.00000"
"領航北路","二段","A","121.205712000","25.010461000","2","1340","2.20000","84.00000"
"領航北路","二段","A","121.205578000","25.010329000","2","1320","3.84000","87.00000"
"領航北路","二段","A","121.205443000","25.010196000","2","1300","3.52000","82.00000"
"領航北路","二段","A","121.205309000","25.010063000","2","1280","4.47000","82.00000"
"領航北路","二段","A","121.205174000","25.009931000","2","1260","4.15000","84.00000"
"領航北路","二段","A","121.205040000","25.009798000","2","1240","3.81000","86.00000"
"領航北路","二段","A","121.204905000","25.009666000","2","1220","2.41000","83.00000"
"領航北路","二段","A","121.204771000","25.009533000","2","1200","2.78000","86.00000"
"領航北路","二段","A","121.204640000","25.009398000","2","1180","2.49000","81.00000"
"領航北路","二段","A","121.204509000","25.009262000","2","1160","3.14000","82.00000"
"領航北路","二段","A","121.204378000","25.009126000","2","1140","4.31000","86.00000"
"領航北路","二段","A","121.204241000","25.008996000","2","1120","3.83000","82.00000"
"領航北路","二段","A","121.204086000","25.008885000","2","1100","3.50000","85.00000"
"領航北路","二段","A","121.203919000","25.008788000","2","1080","2.36000","82.00000"
"領航北路","二段","A","121.203752000","25.008691000","2","1060","2.55000","83.00000"
"領航北路","二段","A","121.203585000","25.008594000","2","1040","2.17000","84.00000"
"領航北路","二段","A","121.203418000","25.008497000","2","1020","4.32000","83.00000"
"領航北路","二段","A","121.203251000","25.008400000","2","1000","4.11000","87.00000"
"領航北路","二段","A","121.203084000","25.008303000","2","980","3.17000","82.00000"
"領航北路","二段","A","121.202917000","25.008205000","2","960","2.72000","82.00000"
"領航北路","二段","A","121.202750000","25.008107000","2","940","3.89000","84.00000"
"領航北路","二段","A","121.202584000","25.008010000","2","920","4.26000","84.00000"
"領航北路","二段","A","121.202417000","25.007912000","2","900","2.17000","82.00000"
"領航北路","二段","A","121.202249000","25.007816000","2","880","3.75000","82.00000"
"領航北路","二段","A","121.202081000","25.007721000","2","860","3.07000","81.00000"
"領航北路","二段","A","121.201913000","25.007625000","2","840","4.03000","87.00000"
"領航北路","二段","A","121.201750000","25.007522000","2","820","3.10000","85.00000"
"領航北路","二段","A","121.201605000","25.007400000","2","800","3.09000","87.00000"
"領航北路","二段","A","121.201467000","25.007271000","2","780","4.18000","86.00000"
"領航北路","二段","A","121.201353000","25.007124000","2","760","2.61000","84.00000"
"領航北路","二段","A","121.201261000","25.006965000","2","740","3.43000","84.00000"
"領航北路","二段","A","121.201173000","25.006803000","2","720","3.99000","82.00000"
"領航北路","一段","A","121.201085000","25.006494000","1","700","2.26000","84.00000"
"領航北路","一段","A","121.201095000","25.006314000","1","680","3.79000","81.00000"
"領航北路","一段","A","121.201116000","25.006134000","1","660","2.31000","83.00000"
"領航北路","一段","A","121.201137000","25.005955000","1","640","2.15000","81.00000"
"領航北路","一段","A","121.201159000","25.005775000","1","620","3.81000","84.00000"
"領航北路","一段","A","121.201182000","25.005596000","1","600","3.97000","84.00000"
"領航北路","一段","A","121.201205000","25.005417000","1","580","3.40000","82.00000"
"領航北路","一段","A","121.201228000","25.005238000","1","560","4.10000","84.00000"
"領航北路","一段","A","121.201252000","25.005058000","1","540","3.84000","82.00000"
"領航北路","一段","A","121.201274000","25.004879000","1","520","4.39000","82.00000"
"領航北路","一段","A","121.201296000","25.004699000","1","500","3.06000","83.00000"
"領航北路","一段","A","121.201318000","25.004520000","1","480","3.01000","84.00000"
"領航北路","一段","A","121.201340000","25.004340000","1","460","2.79000","84.00000"
"領航北路","一段","A","121.201362000","25.004161000","1","440","3.17000","84.00000"
"領航北路","一段","A","121.201384000","25.003982000","1","420","2.89000","82.00000"
"領航北路","一段","A","121.201405000","25.003802000","1","400","2.68000","86.00000"
"領航北路","一段","A","121.201427000","25.003623000","1","380","4.01000","86.00000"
"領航北路","一段","A","121.201448000","25.003443000","1","360","4.32000","84.00000"
"領航北路","一段","A","121.201469000","25.003264000","1","340","2.27000","86.00000"
"領航北路","一段","A","121.201491000","25.003084000","1","320","3.60000","83.00000"
"領航北路","一段","A","121.201512000","25.002904000","1","300","4.30000","84.00000"
"領航北路","一段","A","121.201534000","25.002725000","1","280","2.89000","82.00000"
"領航北路","一段","A","121.201555000","25.002545000","1","260","3.30000","83.00000"
"領航北路","一段","A","121.201577000","25.002366000","1","240","2.96000","83.00000"
"領航北路","一段","A","121.201600000","25.002187000","1","220","4.48000","85.00000"
"領航北路","一段","A","121.201623000","25.002007000","1","200","2.35000","86.00000"
"領航北路","一段","A","121.201645000","25.001828000","1","180","2.34000","83.00000"
"領航北路","一段","A","121.201668000","25.001649000","1","160","3.92000","82.00000"
"領航北路","一段","A","121.201691000","25.001469000","1","140","3.42000","87.00000"
"領航北路","一段","A","121.201714000","25.001290000","1","120","4.46000","84.00000"
"領航北路","一段","A","121.201736000","25.001110000","1","100","2.96000","85.00000"
"領航北路","一段","A","121.201759000","25.000931000","1","80","3.33000","86.00000"
"領航北路","一段","A","121.201782000","25.000752000","1","60","3.41000","85.00000"
"領航北路","一段","A","121.201805000","25.000572000","1","40","4.21000","86.00000"
"領航北路","一段","A","121.201824000","25.000393000","1","20","3.06000","82.00000"
"領航北路","一段","A","121.201836000","25.000212000","1","0","3.31000","81.00000"
"領航北路","一段","A","121.201045000","25.006510000","2","700","3.72000","84.00000"
"領航北路","一段","A","121.201053000","25.006330000","2","680","2.45000","81.00000"
"領航北路","一段","A","121.201074000","25.006151000","2","660","4.40000","83.00000"
"領航北路","一段","A","121.201095000","25.005971000","2","640","2.48000","81.00000"
"領航北路","一段","A","121.201117000","25.005792000","2","620","4.01000","84.00000"
"領航北路","一段","A","121.201140000","25.005612000","2","600","3.81000","84.00000"
"領航北路","一段","A","121.201163000","25.005433000","2","580","4.11000","82.00000"
"領航北路","一段","A","121.201186000","25.005254000","2","560","2.53000","84.00000"
"領航北路","一段","A","121.201210000","25.005074000","2","540","3.02000","82.00000"
"領航北路","一段","A","121.201232000","25.004895000","2","520","3.52000","82.00000"
"領航北路","一段","A","121.201254000","25.004715000","2","500","3.03000","83.00000"
"領航北路","一段","A","121.201276000","25.004536000","2","480","3.61000","84.00000"
"領航北路","一段","A","121.201298000","25.004357000","2","460","3.15000","84.00000"
"領航北路","一段","A","121.201320000","25.004177000","2","440","3.86000","84.00000"
"領航北路","一段","A","121.201342000","25.003998000","2","420","3.78000","82.00000"
"領航北路","一段","A","121.201364000","25.003818000","2","400","2.12000","86.00000"
"領航北路","一段","A","121.201385000","25.003639000","2","380","3.15000","86.00000"
"領航北路","一段","A","121.201406000","25.003459000","2","360","3.76000","84.00000"
"領航北路","一段","A","121.201428000","25.003280000","2","340","2.46000","86.00000"
"領航北路","一段","A","121.201449000","25.003100000","2","320","2.68000","83.00000"
"領航北路","一段","A","121.201470000","25.002921000","2","300","4.23000","84.00000"
"領航北路","一段","A","121.201492000","25.002741000","2","280","3.59000","82.00000"
"領航北路","一段","A","121.201513000","25.002562000","2","260","4.23000","83.00000"
"領航北路","一段","A","121.201535000","25.002382000","2","240","2.74000","83.00000"
"領航北路","一段","A","121.201558000","25.002203000","2","220","3.00000","85.00000"
"領航北路","一段","A","121.201581000","25.002023000","2","200","2.53000","86.00000"
"領航北路","一段","A","121.201603000","25.001844000","2","180","3.41000","83.00000"
"領航北路","一段","A","121.201626000","25.001665000","2","160","2.31000","82.00000"
"領航北路","一段","A","121.201649000","25.001485000","2","140","4.48000","87.00000"
"領航北路","一段","A","121.201672000","25.001306000","2","120","3.67000","84.00000"
"領航北路","一段","A","121.201695000","25.001126000","2","100","3.70000","85.00000"
"領航北路","一段","A","121.201717000","25.000947000","2","80","3.14000","86.00000"
"領航北路","一段","A","121.201740000","25.000768000","2","60","3.63000","85.00000"
"領航北路","一段","A","121.201763000","25.000588000","2","40","2.77000","86.00000"
"領航北路","一段","A","121.201784000","25.000409000","2","20","4.05000","82.00000"
"領航北路","一段","A","121.201795000","25.000229000","2","0","2.45000","81.00000"
"領航北路","一段","A","121.201928000","25.000253000","1","0","4.28000","87.00000"
"領航北路","一段","A","121.201899000","25.000431000","1","20","3.36000","82.00000"
"領航北路","一段","A","121.201872000","25.000610000","1","40","3.77000","84.00000"
"領航北路","一段","A","121.201850000","25.000789000","1","60","2.90000","83.00000"
"領航北路","一段","A","121.201827000","25.000969000","1","80","2.33000","82.00000"
"領航北路","一段","A","121.201804000","25.001148000","1","100","2.07000","83.00000"
"領航北路","一段","A","121.201781000","25.001328000","1","120","2.32000","84.00000"
"領航北路","一段","A","121.201759000","25.001507000","1","140","2.39000","85.00000"
"領航北路","一段","A","121.201735000","25.001686000","1","160","3.14000","82.00000"
"領航北路","一段","A","121.201712000","25.001865000","1","180","4.14000","82.00000"
"領航北路","一段","A","121.201688000","25.002045000","1","200","3.66000","86.00000"
"領航北路","一段","A","121.201666000","25.002224000","1","220","3.17000","84.00000"
"領航北路","一段","A","121.201643000","25.002404000","1","240","4.18000","83.00000"
"領航北路","一段","A","121.201620000","25.002583000","1","260","4.33000","83.00000"
"領航北路","一段","A","121.201594000","25.002762000","1","280","2.35000","82.00000"
"領航北路","一段","A","121.201569000","25.002941000","1","300","3.89000","85.00000"
"領航北路","一段","A","121.201543000","25.003120000","1","320","3.16000","84.00000"
"領航北路","一段","A","121.201517000","25.003299000","1","340","4.30000","83.00000"
"領航北路","一段","A","121.201496000","25.003479000","1","360","2.54000","85.00000"
"領航北路","一段","A","121.201476000","25.003658000","1","380","4.35000","84.00000"
"領航北路","一段","A","121.201456000","25.003838000","1","400","2.74000","84.00000"
"領航北路","一段","A","121.201436000","25.004018000","1","420","2.18000","85.00000"
"領航北路","一段","A","121.201416000","25.004197000","1","440","2.46000","84.00000"
"領航北路","一段","A","121.201394000","25.004377000","1","460","2.63000","84.00000"
"領航北路","一段","A","121.201371000","25.004556000","1","480","2.60000","85.00000"
"領航北路","一段","A","121.201349000","25.004735000","1","500","2.75000","86.00000"
"領航北路","一段","A","121.201327000","25.004915000","1","520","2.63000","84.00000"
"領航北路","一段","A","121.201305000","25.005094000","1","540","3.68000","84.00000"
"領航北路","一段","A","121.201283000","25.005274000","1","560","3.68000","84.00000"
"領航北路","一段","A","121.201259000","25.005453000","1","580","2.48000","84.00000"
"領航北路","一段","A","121.201236000","25.005632000","1","600","4.05000","85.00000"
"領航北路","一段","A","121.201212000","25.005812000","1","620","3.87000","83.00000"
"領航北路","一段","A","121.201195000","25.005991000","1","640","3.20000","83.00000"
"領航北路","一段","A","121.201183000","25.006172000","1","660","3.88000","82.00000"
"領航北路","一段","A","121.201177000","25.006352000","1","680","2.90000","83.00000"
"領航北路","一段","A","121.201192000","25.006532000","1","700","3.52000","86.00000"
"領航北路","一段","A","121.201967000","25.000258000","2","0","2.23000","87.00000"
"領航北路","一段","A","121.201938000","25.000436000","2","20","3.33000","82.00000"
"領航北路","一段","A","121.201912000","25.000615000","2","40","2.84000","84.00000"
"領航北路","一段","A","121.201889000","25.000795000","2","60","3.54000","83.00000"
"領航北路","一段","A","121.201866000","25.000974000","2","80","3.62000","82.00000"
"領航北路","一段","A","121.201843000","25.001154000","2","100","3.58000","83.00000"
"領航北路","一段","A","121.201821000","25.001333000","2","120","3.37000","84.00000"
"領航北路","一段","A","121.201798000","25.001512000","2","140","3.27000","85.00000"
"領航北路","一段","A","121.201775000","25.001692000","2","160","2.20000","82.00000"
"領航北路","一段","A","121.201751000","25.001871000","2","180","2.31000","82.00000"
"領航北路","一段","A","121.201728000","25.002050000","2","200","2.02000","86.00000"
"領航北路","一段","A","121.201705000","25.002230000","2","220","4.15000","84.00000"
"領航北路","一段","A","121.201682000","25.002409000","2","240","3.21000","83.00000"
"領航北路","一段","A","121.201659000","25.002588000","2","260","2.97000","83.00000"
"領航北路","一段","A","121.201633000","25.002767000","2","280","3.28000","82.00000"
"領航北路","一段","A","121.201608000","25.002946000","2","300","2.23000","85.00000"
"領航北路","一段","A","121.201582000","25.003125000","2","320","3.72000","84.00000"
"領航北路","一段","A","121.201556000","25.003304000","2","340","3.50000","83.00000"
"領航北路","一段","A","121.201535000","25.003484000","2","360","2.11000","85.00000"
"領航北路","一段","A","121.201515000","25.003664000","2","380","3.62000","84.00000"
"領航北路","一段","A","121.201495000","25.003843000","2","400","2.08000","84.00000"
"領航北路","一段","A","121.201475000","25.004023000","2","420","2.99000","85.00000"
"領航北路","一段","A","121.201455000","25.004203000","2","440","2.39000","84.00000"
"領航北路","一段","A","121.201433000","25.004382000","2","460","3.18000","84.00000"
"領航北路","一段","A","121.201411000","25.004561000","2","480","4.14000","85.00000"
"領航北路","一段","A","121.201388000","25.004741000","2","500","2.15000","86.00000"
"領航北路","一段","A","121.201366000","25.004920000","2","520","3.63000","84.00000"
"領航北路","一段","A","121.201344000","25.005100000","2","540","2.34000","84.00000"
"領航北路","一段","A","121.201322000","25.005279000","2","560","3.69000","84.00000"
"領航北路","一段","A","121.201298000","25.005458000","2","580","2.22000","84.00000"
"領航北路","一段","A","121.201275000","25.005638000","2","600","4.01000","85.00000"
"領航北路","一段","A","121.201251000","25.005817000","2","620","2.13000","83.00000"
"領航北路","一段","A","121.201234000","25.005997000","2","640","3.20000","83.00000"
"領航北路","一段","A","121.201223000","25.006177000","2","660","3.36000","82.00000"
"領航北路","一段","A","121.201217000","25.006357000","2","680","4.02000","83.00000"
"領航北路","一段","A","121.201233000","25.006537000","2","700","3.03000","86.00000"
"公園路","一段","D","121.207987000","25.005915000","1","0",NULL,"82.00000"
"公園路","一段","D","121.208131000","25.005791000","1","20","2.99000","82.00000"
"公園路","一段","D","121.208277000","25.005669000","1","40","2.19000","82.00000"
"公園路","一段","D","121.208423000","25.005547000","1","60","2.39000","82.00000"
"公園路","一段","D","121.208568000","25.005424000","1","80","1.83000","82.00000"
"公園路","一段","D","121.208714000","25.005302000","1","100","4.96000","82.00000"
"公園路","一段","D","121.208874000","25.005198000","1","120","12.37000","83.00000"
"公園路","一段","D","121.209059000","25.005133000","1","140","6.81000","83.00000"
"公園路","一段","D","121.209248000","25.005078000","1","160","1.73000","82.00000"
"公園路","一段","D","121.209436000","25.005021000","1","180","1.64000","83.00000"
"公園路","一段","D","121.209625000","25.004968000","1","200","2.58000","82.00000"
"公園路","一段","D","121.209814000","25.004915000","1","220","7.05000","82.00000"
"公園路","一段","D","121.210003000","25.004860000","1","240","3.90000","83.00000"
"公園路","一段","D","121.210191000","25.004802000","1","260","1.42000","83.00000"
"公園路","一段","D","121.210379000","25.004745000","1","280","1.47000","82.00000"
"公園路","一段","D","121.210566000","25.004687000","1","300","1.56000","82.00000"
"公園路","一段","D","121.210754000","25.004630000","1","320","1.62000","82.00000"
"公園路","一段","D","121.210939000","25.004565000","1","340","4.15000","82.00000"
"公園路","一段","D","121.211105000","25.004468000","1","360","2.72000","83.00000"
"公園路","一段","D","121.211251000","25.004346000","1","380","1.68000","82.00000"
"公園路","一段","D","121.211397000","25.004224000","1","400","2.57000","83.00000"
"公園路","一段","D","121.211543000","25.004102000","1","420","2.19000","83.00000"
"公園路","一段","D","121.211689000","25.003980000","1","440","5.39000","83.00000"
"公園路","一段","D","121.211836000","25.003859000","1","460","3.72000","82.00000"
"公園路","一段","D","121.211983000","25.003738000","1","480","3.89000","81.00000"
"公園路","一段","D","121.212128000","25.003615000","1","500","4.73000","82.00000"
"公園路","一段","D","121.212273000","25.003492000","1","520","2.75000","83.00000"
"公園路","一段","D","121.212417000","25.003368000","1","540","2.39000","82.00000"
"公園路","一段","D","121.212562000","25.003244000","1","560","1.85000","84.00000"
"公園路","一段","D","121.212626000","25.003292000","2","560","2.56000","91.00000"
"公園路","一段","D","121.212482000","25.003416000","2","540","2.94000","82.00000"
"公園路","一段","D","121.212338000","25.003540000","2","520","2.83000","81.00000"
"公園路","一段","D","121.212194000","25.003664000","2","500","2.38000","82.00000"
"公園路","一段","D","121.212048000","25.003787000","2","480","2.78000","81.00000"
"公園路","一段","D","121.211902000","25.003908000","2","460","8.00000","82.00000"
"公園路","一段","D","121.211755000","25.004030000","2","440","8.06000","81.00000"
"公園路","一段","D","121.211608000","25.004151000","2","420","4.50000","81.00000"
"公園路","一段","D","121.211462000","25.004273000","2","400","2.80000","82.00000"
"公園路","一段","D","121.211316000","25.004395000","2","380","3.08000","82.00000"
"公園路","一段","D","121.211170000","25.004517000","2","360","3.10000","82.00000"
"公園路","一段","D","121.211017000","25.004631000","2","340","9.15000","81.00000"
"公園路","一段","D","121.210836000","25.004702000","2","320","5.22000","81.00000"
"公園路","一段","D","121.210647000","25.004755000","2","300","2.26000","82.00000"
"公園路","一段","D","121.210457000","25.004808000","2","280","1.43000","82.00000"
"公園路","一段","D","121.210268000","25.004861000","2","260","1.81000","82.00000"
"公園路","一段","D","121.210078000","25.004914000","2","240","2.90000","82.00000"
"公園路","一段","D","121.209889000","25.004968000","2","220","5.49000","81.00000"
"公園路","一段","D","121.209701000","25.005023000","2","200","3.25000","81.00000"
"公園路","一段","D","121.209511000","25.005077000","2","180","1.98000","82.00000"
"公園路","一段","D","121.209322000","25.005129000","2","160","2.24000","81.00000"
"公園路","一段","D","121.209132000","25.005182000","2","140","2.38000","81.00000"
"公園路","一段","D","121.208948000","25.005247000","2","120","7.31000","82.00000"
"公園路","一段","D","121.208784000","25.005347000","2","100","3.74000","81.00000"
"公園路","一段","D","121.208639000","25.005469000","2","80","5.35000","81.00000"
"公園路","一段","D","121.208493000","25.005592000","2","60","4.36000","81.00000"
"公園路","一段","D","121.208348000","25.005714000","2","40","2.02000","82.00000"
"公園路","一段","D","121.208202000","25.005837000","2","20","4.02000","81.00000"
"公園路","一段","D","121.208057000","25.005960000","2","0","3.02000","81.00000"
"青埔路","一段","E","121.209803000","25.014017000","1","0","3.51000","64.00000"
"青埔路","一段","E","121.209951000","25.013896000","1","20","2.62000","64.00000"
"青埔路","一段","E","121.210098000","25.013775000","1","40","3.15000","64.00000"
"青埔路","一段","E","121.210246000","25.013655000","1","60","3.14000","64.00000"
"青埔路","一段","E","121.210393000","25.013534000","1","80","3.18000","65.00000"
"青埔路","一段","E","121.210541000","25.013414000","1","100","2.61000","65.00000"
"青埔路","一段","E","121.210688000","25.013293000","1","120","4.50000","64.00000"
"青埔路","一段","E","121.210836000","25.013172000","1","140","2.20000","65.00000"
"青埔路","一段","E","121.210983000","25.013052000","1","160","3.35000","64.00000"
"青埔路","一段","E","121.211131000","25.012931000","1","180","3.06000","65.00000"
"青埔路","一段","E","121.211277000","25.012809000","1","200","4.22000","65.00000"
"青埔路","一段","E","121.211423000","25.012687000","1","220","3.67000","65.00000"
"青埔路","一段","E","121.211571000","25.012567000","1","240","3.89000","65.00000"
"青埔路","一段","E","121.211719000","25.012447000","1","260","2.36000","65.00000"
"青埔路","一段","E","121.211867000","25.012327000","1","280","2.56000","64.00000"
"青埔路","一段","E","121.212015000","25.012207000","1","300","2.15000","65.00000"
"青埔路","一段","E","121.212163000","25.012087000","1","320","3.27000","65.00000"
"青埔路","一段","E","121.212306000","25.011962000","1","340","4.61000","64.00000"
"青埔路","一段","E","121.212446000","25.011835000","1","360","2.50000","64.00000"
"青埔路","一段","E","121.212589000","25.011709000","1","380","3.49000","64.00000"
"青埔路","一段","E","121.212734000","25.011586000","1","400","2.46000","65.00000"
"青埔路","一段","E","121.212878000","25.011463000","1","420","3.07000","65.00000"
"青埔路","一段","E","121.213023000","25.011339000","1","440","2.05000","65.00000"
"青埔路","一段","E","121.213162000","25.011211000","1","460","1.76000","64.00000"
"青埔路","一段","E","121.213265000","25.011057000","1","480","2.78000","65.00000"
"青埔路","一段","E","121.213361000","25.010899000","1","500","2.92000","65.00000"
"青埔路","一段","E","121.213455000","25.010740000","1","520","2.89000","64.00000"
"青埔路","一段","E","121.213548000","25.010581000","1","540","1.94000","65.00000"
"青埔路","一段","E","121.209750000","25.013963000","3","0","3.26000","64.00000"
"青埔路","一段","E","121.209898000","25.013842000","3","20","2.88000","64.00000"
"青埔路","一段","E","121.210045000","25.013722000","3","40","2.68000","64.00000"
"青埔路","一段","E","121.210193000","25.013601000","3","60","3.51000","64.00000"
"青埔路","一段","E","121.210340000","25.013480000","3","80","4.13000","65.00000"
"青埔路","一段","E","121.210488000","25.013360000","3","100","2.82000","65.00000"
"青埔路","一段","E","121.210635000","25.013239000","3","120","2.10000","64.00000"
"青埔路","一段","E","121.210783000","25.013119000","3","140","1.57000","65.00000"
"青埔路","一段","E","121.210930000","25.012998000","3","160","2.94000","64.00000"
"青埔路","一段","E","121.211078000","25.012878000","3","180","1.87000","65.00000"
"青埔路","一段","E","121.211224000","25.012755000","3","200","2.70000","65.00000"
"青埔路","一段","E","121.211370000","25.012633000","3","220","3.26000","65.00000"
"青埔路","一段","E","121.211518000","25.012513000","3","240","2.36000","65.00000"
"青埔路","一段","E","121.211666000","25.012393000","3","260","2.44000","65.00000"
"青埔路","一段","E","121.211814000","25.012273000","3","280","2.02000","64.00000"
"青埔路","一段","E","121.211962000","25.012153000","3","300","3.23000","65.00000"
"青埔路","一段","E","121.212110000","25.012033000","3","320","2.57000","65.00000"
"青埔路","一段","E","121.212253000","25.011908000","3","340","3.46000","64.00000"
"青埔路","一段","E","121.212393000","25.011781000","3","360","2.02000","64.00000"
"青埔路","一段","E","121.212536000","25.011656000","3","380","3.13000","64.00000"
"青埔路","一段","E","121.212681000","25.011532000","3","400","3.44000","65.00000"
"青埔路","一段","E","121.212825000","25.011409000","3","420","2.10000","65.00000"
"青埔路","一段","E","121.212970000","25.011285000","3","440","1.65000","65.00000"
"青埔路","一段","E","121.213108000","25.011156000","3","460","1.57000","64.00000"
"青埔路","一段","E","121.213209000","25.011001000","3","480","2.22000","65.00000"
"青埔路","一段","E","121.213304000","25.010843000","3","500","3.68000","65.00000"
"青埔路","一段","E","121.213398000","25.010684000","3","520","2.22000","64.00000"
"青埔路","一段","E","121.213492000","25.010524000","3","540","2.39000","65.00000"
"青埔路","一段","E","121.213596000","25.010647000","1","540","2.25000","64.00000"
"青埔路","一段","E","121.213509000","25.010809000","1","520","3.32000","64.00000"
"青埔路","一段","E","121.213420000","25.010970000","1","500","1.70000","64.00000"
"青埔路","一段","E","121.213333000","25.011132000","1","480","1.41000","63.00000"
"青埔路","一段","E","121.213227000","25.011284000","1","460","1.75000","63.00000"
"青埔路","一段","E","121.213091000","25.011415000","1","440","1.84000","64.00000"
"青埔路","一段","E","121.212939000","25.011530000","1","420","3.38000","64.00000"
"青埔路","一段","E","121.212786000","25.011645000","1","400","3.37000","63.00000"
"青埔路","一段","E","121.212633000","25.011761000","1","380","2.84000","63.00000"
"青埔路","一段","E","121.212485000","25.011881000","1","360","6.20000","63.00000"
"青埔路","一段","E","121.212338000","25.012001000","1","340","5.88000","64.00000"
"青埔路","一段","E","121.212191000","25.012123000","1","320","3.31000","63.00000"
"青埔路","一段","E","121.212048000","25.012248000","1","300","1.91000","64.00000"
"青埔路","一段","E","121.211905000","25.012372000","1","280","1.82000","63.00000"
"青埔路","一段","E","121.211761000","25.012497000","1","260","2.10000","64.00000"
"青埔路","一段","E","121.211618000","25.012622000","1","240","3.71000","64.00000"
"青埔路","一段","E","121.211473000","25.012745000","1","220","3.28000","64.00000"
"青埔路","一段","E","121.211326000","25.012866000","1","200","3.50000","64.00000"
"青埔路","一段","E","121.211179000","25.012987000","1","180","2.91000","63.00000"
"青埔路","一段","E","121.211032000","25.013108000","1","160","3.13000","63.00000"
"青埔路","一段","E","121.210885000","25.013229000","1","140","3.18000","64.00000"
"青埔路","一段","E","121.210738000","25.013350000","1","120","1.75000","63.00000"
"青埔路","一段","E","121.210591000","25.013471000","1","100","2.99000","63.00000"
"青埔路","一段","E","121.210444000","25.013592000","1","80","4.89000","64.00000"
"青埔路","一段","E","121.210297000","25.013713000","1","60","2.96000","63.00000"
"青埔路","一段","E","121.210150000","25.013834000","1","40","2.37000","63.00000"
"青埔路","一段","E","121.210003000","25.013955000","1","20","3.57000","63.00000"
"青埔路","一段","E","121.209856000","25.014076000","1","0","3.25000","63.00000"
"青埔路","一段","E","121.213668000","25.010678000","3","540","2.56000","64.00000"
"青埔路","一段","E","121.213580000","25.010841000","3","520","3.21000","64.00000"
"青埔路","一段","E","121.213491000","25.011001000","3","500","3.21000","64.00000"
"青埔路","一段","E","121.213405000","25.011164000","3","480","3.96000","63.00000"
"青埔路","一段","E","121.213301000","25.011317000","3","460","2.03000","63.00000"
"青埔路","一段","E","121.213167000","25.011451000","3","440","1.59000","64.00000"
"青埔路","一段","E","121.213015000","25.011567000","3","420","3.13000","64.00000"
"青埔路","一段","E","121.212862000","25.011681000","3","400","1.93000","63.00000"
"青埔路","一段","E","121.212709000","25.011796000","3","380","7.25000","63.00000"
"青埔路","一段","E","121.212561000","25.011916000","3","360","3.92000","63.00000"
"青埔路","一段","E","121.212413000","25.012036000","3","340","3.02000","64.00000"
"青埔路","一段","E","121.212266000","25.012158000","3","320","3.36000","63.00000"
"青埔路","一段","E","121.212123000","25.012282000","3","300","2.90000","64.00000"
"青埔路","一段","E","121.211980000","25.012407000","3","280","2.01000","63.00000"
"青埔路","一段","E","121.211836000","25.012532000","3","260","2.53000","64.00000"
"青埔路","一段","E","121.211693000","25.012656000","3","240","3.66000","64.00000"
"青埔路","一段","E","121.211549000","25.012780000","3","220","1.72000","64.00000"
"青埔路","一段","E","121.211402000","25.012901000","3","200","3.17000","64.00000"
"青埔路","一段","E","121.211255000","25.013022000","3","180","2.42000","63.00000"
"青埔路","一段","E","121.211108000","25.013143000","3","160","3.30000","63.00000"
"青埔路","一段","E","121.210961000","25.013264000","3","140","3.70000","64.00000"
"青埔路","一段","E","121.210814000","25.013385000","3","120","1.77000","63.00000"
"青埔路","一段","E","121.210667000","25.013506000","3","100","2.24000","63.00000"
"青埔路","一段","E","121.210520000","25.013627000","3","80","3.95000","64.00000"
"青埔路","一段","E","121.210372000","25.013749000","3","60","3.46000","63.00000"
"青埔路","一段","E","121.210225000","25.013870000","3","40","3.47000","63.00000"
"青埔路","一段","E","121.210078000","25.013991000","3","20","2.95000","63.00000"
"青埔路","一段","E","121.209931000","25.014112000","3","0","4.23000","63.00000"
"高鐵南路","二段","B","121.207780000","25.006044000","1","760",NULL,"83.00000"
"高鐵南路","二段","B","121.207647000","25.005910000","1","740","5.47000","82.00000"
"高鐵南路","二段","B","121.207513000","25.005777000","1","720","2.96000","82.00000"
"高鐵南路","二段","B","121.207379000","25.005644000","1","700","2.04000","82.00000"
"高鐵南路","二段","B","121.207246000","25.005510000","1","680","2.28000","81.00000"
"高鐵南路","二段","B","121.207112000","25.005377000","1","660","2.24000","81.00000"
"高鐵南路","二段","B","121.206979000","25.005243000","1","640","1.60000","81.00000"
"高鐵南路","二段","B","121.206845000","25.005110000","1","620","2.68000","81.00000"
"高鐵南路","二段","B","121.206712000","25.004977000","1","600","7.14000","82.00000"
"高鐵南路","二段","B","121.206578000","25.004843000","1","580","5.79000","82.00000"
"高鐵南路","二段","B","121.206445000","25.004710000","1","560","4.65000","81.00000"
"高鐵南路","二段","B","121.206311000","25.004576000","1","540","1.99000","80.00000"
"高鐵南路","二段","B","121.206180000","25.004441000","1","520","1.49000","81.00000"
"高鐵南路","二段","B","121.206048000","25.004306000","1","500","1.71000","82.00000"
"高鐵南路","二段","B","121.205917000","25.004171000","1","480","1.48000","81.00000"
"高鐵南路","二段","B","121.205785000","25.004036000","1","460","2.68000","81.00000"
"高鐵南路","二段","B","121.205653000","25.003901000","1","440","1.71000","81.00000"
"高鐵南路","二段","B","121.205518000","25.003770000","1","420","1.81000","82.00000"
"高鐵南路","二段","B","121.205382000","25.003639000","1","400","1.74000","82.00000"
"高鐵南路","二段","B","121.205245000","25.003507000","1","380","2.45000","81.00000"
"高鐵南路","二段","B","121.205108000","25.003377000","1","360","1.94000","81.00000"
"高鐵南路","二段","B","121.204971000","25.003247000","1","340","2.80000","81.00000"
"高鐵南路","二段","B","121.204836000","25.003115000","1","320","4.38000","82.00000"
"高鐵南路","二段","B","121.204703000","25.002981000","1","300","7.47000","82.00000"
"高鐵南路","二段","B","121.204570000","25.002847000","1","280","2.22000","81.00000"
"高鐵南路","二段","B","121.204440000","25.002711000","1","260","3.26000","81.00000"
"高鐵南路","二段","B","121.204305000","25.002579000","1","240","2.15000","81.00000"
"高鐵南路","二段","B","121.204173000","25.002444000","1","220","2.81000","81.00000"
"高鐵南路","二段","B","121.204041000","25.002310000","1","200","1.98000","82.00000"
"高鐵南路","二段","B","121.203908000","25.002175000","1","180","3.29000","81.00000"
"高鐵南路","二段","B","121.203775000","25.002041000","1","160","1.85000","82.00000"
"高鐵南路","二段","B","121.203641000","25.001908000","1","140","2.52000","82.00000"
"高鐵南路","二段","B","121.203507000","25.001775000","1","120","2.19000","81.00000"
"高鐵南路","二段","B","121.203373000","25.001642000","1","100","3.04000","82.00000"
"高鐵南路","二段","B","121.203241000","25.001508000","1","80","1.78000","82.00000"
"高鐵南路","二段","B","121.203108000","25.001374000","1","60","1.38000","82.00000"
"高鐵南路","二段","B","121.202975000","25.001240000","1","40","2.70000","82.00000"
"高鐵南路","二段","B","121.202843000","25.001106000","1","20","3.85000","81.00000"
"高鐵南路","二段","B","121.202715000","25.000968000","1","0","7.19000","82.00000"
"高鐵北路","二段","C","121.223238000","25.021613000","1","1540","4.32000","80.00000"
"高鐵北路","二段","C","121.223100000","25.021483000","1","1520","3.77000","80.00000"
"高鐵北路","二段","C","121.222966000","25.021350000","1","1500","2.42000","81.00000"
"高鐵北路","二段","C","121.222833000","25.021217000","1","1480","4.45000","80.00000"
"高鐵北路","二段","C","121.222699000","25.021084000","1","1460","5.44000","80.00000"
"高鐵北路","二段","C","121.222565000","25.020951000","1","1440","1.86000","81.00000"
"高鐵北路","二段","C","121.222431000","25.020817000","1","1420","1.62000","82.00000"
"高鐵北路","二段","C","121.222297000","25.020684000","1","1400","1.85000","82.00000"
"高鐵北路","二段","C","121.222165000","25.020550000","1","1380","1.71000","81.00000"
"高鐵北路","二段","C","121.222033000","25.020415000","1","1360","1.40000","82.00000"
"高鐵北路","二段","C","121.221901000","25.020281000","1","1340","2.11000","81.00000"
"高鐵北路","二段","C","121.221768000","25.020146000","1","1320","1.10000","83.00000"
"高鐵北路","二段","C","121.221636000","25.020012000","1","1300","1.26000","81.00000"
"高鐵北路","二段","C","121.221504000","25.019877000","1","1280","1.59000","81.00000"
"高鐵北路","二段","C","121.221371000","25.019743000","1","1260","1.11000","81.00000"
"高鐵北路","二段","C","121.221236000","25.019611000","1","1240","3.63000","82.00000"
"高鐵北路","二段","C","121.221101000","25.019479000","1","1220","1.14000","81.00000"
"高鐵北路","二段","C","121.220966000","25.019347000","1","1200","1.25000","80.00000"
"高鐵北路","二段","C","121.220831000","25.019214000","1","1180","1.55000","81.00000"
"高鐵北路","二段","C","121.220696000","25.019082000","1","1160","2.07000","82.00000"
"高鐵北路","二段","C","121.220561000","25.018950000","1","1140","2.61000","81.00000"
"高鐵北路","二段","C","121.220426000","25.018818000","1","1120","4.72000","80.00000"
"高鐵北路","二段","C","121.220291000","25.018686000","1","1100","5.02000","82.00000"
"高鐵北路","二段","C","121.220156000","25.018553000","1","1080","2.10000","82.00000"
"高鐵北路","二段","C","121.220022000","25.018421000","1","1060","4.05000","81.00000"
"高鐵北路","二段","C","121.219888000","25.018287000","1","1040","2.06000","82.00000"
"高鐵北路","二段","C","121.219755000","25.018154000","1","1020","2.76000","81.00000"
"高鐵北路","二段","C","121.219622000","25.018020000","1","1000","2.97000","81.00000"
"高鐵北路","二段","C","121.219488000","25.017887000","1","980","3.50000","80.00000"
"高鐵北路","二段","C","121.219355000","25.017753000","1","960","1.36000","81.00000"
"高鐵北路","二段","C","121.219222000","25.017620000","1","940","1.45000","81.00000"
"高鐵北路","二段","C","121.219088000","25.017486000","1","920","1.26000","81.00000"
"高鐵北路","二段","C","121.218955000","25.017352000","1","900","1.22000","82.00000"
"高鐵北路","二段","C","121.218822000","25.017219000","1","880","1.26000","81.00000"
"高鐵北路","二段","C","121.218688000","25.017085000","1","860","0.95000","82.00000"
"高鐵北路","二段","C","121.218556000","25.016951000","1","840","6.55000","79.00000"
"高鐵北路","二段","C","121.223183000","25.021665000","3","1540",NULL,"80.00000"
"高鐵北路","二段","C","121.223045000","25.021535000","3","1520","3.62000","80.00000"
"高鐵北路","二段","C","121.222911000","25.021402000","3","1500","5.19000","81.00000"
"高鐵北路","二段","C","121.222777000","25.021269000","3","1480","3.53000","80.00000"
"高鐵北路","二段","C","121.222643000","25.021136000","3","1460","6.49000","80.00000"
"高鐵北路","二段","C","121.222510000","25.021002000","3","1440","5.32000","81.00000"
"高鐵北路","二段","C","121.222376000","25.020869000","3","1420","5.07000","82.00000"
"高鐵北路","二段","C","121.222242000","25.020736000","3","1400","8.66000","82.00000"
"高鐵北路","二段","C","121.222109000","25.020602000","3","1380","4.10000","81.00000"
"高鐵北路","二段","C","121.221977000","25.020467000","3","1360","1.94000","82.00000"
"高鐵北路","二段","C","121.221845000","25.020333000","3","1340","2.10000","81.00000"
"高鐵北路","二段","C","121.221713000","25.020198000","3","1320","1.86000","83.00000"
"高鐵北路","二段","C","121.221581000","25.020063000","3","1300","1.63000","81.00000"
"高鐵北路","二段","C","121.221449000","25.019929000","3","1280","1.74000","81.00000"
"高鐵北路","二段","C","121.221316000","25.019795000","3","1260","1.79000","81.00000"
"高鐵北路","二段","C","121.221181000","25.019663000","3","1240","1.45000","82.00000"
"高鐵北路","二段","C","121.221046000","25.019530000","3","1220","0.92000","81.00000"
"高鐵北路","二段","C","121.220911000","25.019398000","3","1200","1.61000","80.00000"
"高鐵北路","二段","C","121.220776000","25.019266000","3","1180","2.33000","81.00000"
"高鐵北路","二段","C","121.220641000","25.019134000","3","1160","2.75000","82.00000"
"高鐵北路","二段","C","121.220506000","25.019002000","3","1140","1.54000","81.00000"
"高鐵北路","二段","C","121.220371000","25.018870000","3","1120","1.28000","80.00000"
"高鐵北路","二段","C","121.220236000","25.018737000","3","1100","1.57000","82.00000"
"高鐵北路","二段","C","121.220101000","25.018605000","3","1080","2.62000","82.00000"
"高鐵北路","二段","C","121.219966000","25.018473000","3","1060","2.39000","81.00000"
"高鐵北路","二段","C","121.219833000","25.018339000","3","1040","2.63000","82.00000"
"高鐵北路","二段","C","121.219700000","25.018206000","3","1020","2.56000","81.00000"
"高鐵北路","二段","C","121.219566000","25.018072000","3","1000","1.84000","81.00000"
"高鐵北路","二段","C","121.219433000","25.017938000","3","980","2.52000","80.00000"
"高鐵北路","二段","C","121.219300000","25.017805000","3","960","2.24000","81.00000"
"高鐵北路","二段","C","121.219166000","25.017671000","3","940","3.08000","81.00000"
"高鐵北路","二段","C","121.219033000","25.017538000","3","920","1.99000","81.00000"
"高鐵北路","二段","C","121.218900000","25.017404000","3","900","1.80000","82.00000"
"高鐵北路","二段","C","121.218766000","25.017271000","3","880","1.96000","81.00000"
"高鐵北路","二段","C","121.218633000","25.017137000","3","860","2.52000","82.00000"
"高鐵北路","二段","C","121.218500000","25.017003000","3","840","4.79000","79.00000"
"高鐵北路","一段","C","121.218410000","25.016911000","3","820","1.19000","81.00000"
"高鐵北路","一段","C","121.218276000","25.016778000","3","800","1.91000","79.00000"
"高鐵北路","一段","C","121.218141000","25.016646000","3","780","3.02000","79.00000"
"高鐵北路","一段","C","121.218006000","25.016514000","3","760","3.58000","80.00000"
"高鐵北路","一段","C","121.217859000","25.016394000","3","740","3.33000","81.00000"
"高鐵北路","一段","C","121.217701000","25.016285000","3","720","5.38000","80.00000"
"高鐵北路","一段","C","121.217542000","25.016178000","3","700","4.32000","80.00000"
"高鐵北路","一段","C","121.217374000","25.016083000","3","680","4.62000","81.00000"
"高鐵北路","一段","C","121.217198000","25.016001000","3","660","5.81000","81.00000"
"高鐵北路","一段","C","121.217017000","25.015926000","3","640","3.43000","80.00000"
"高鐵北路","一段","C","121.216837000","25.015851000","3","620","3.16000","81.00000"
"高鐵北路","一段","C","121.216650000","25.015790000","3","600","3.10000","81.00000"
"高鐵北路","一段","C","121.216464000","25.015729000","3","580","3.28000","81.00000"
"高鐵北路","一段","C","121.216285000","25.015652000","3","560","3.17000","82.00000"
"高鐵北路","一段","C","121.216111000","25.015564000","3","540","4.87000","81.00000"
"高鐵北路","一段","C","121.215946000","25.015466000","3","520","3.63000","82.00000"
"高鐵北路","一段","C","121.215788000","25.015357000","3","500","2.87000","82.00000"
"高鐵北路","一段","C","121.215624000","25.015256000","3","480","2.27000","82.00000"
"高鐵北路","一段","C","121.215474000","25.015139000","3","460","3.52000","82.00000"
"高鐵北路","一段","C","121.215339000","25.015006000","3","440","2.86000","81.00000"
"高鐵北路","一段","C","121.215206000","25.014872000","3","420","1.70000","81.00000"
"高鐵北路","一段","C","121.215074000","25.014738000","3","400","2.30000","82.00000"
"高鐵北路","一段","C","121.214941000","25.014604000","3","380","3.20000","81.00000"
"高鐵北路","一段","C","121.214808000","25.014470000","3","360","2.10000","81.00000"
"高鐵北路","一段","C","121.214675000","25.014336000","3","340","1.80000","81.00000"
"高鐵北路","一段","C","121.214543000","25.014202000","3","320","2.30000","81.00000"
"高鐵北路","一段","C","121.214410000","25.014068000","3","300","3.20000","81.00000"
"高鐵北路","一段","C","121.214277000","25.013934000","3","280","1.20000","82.00000"
"高鐵北路","一段","C","121.214145000","25.013800000","3","260","1.80000","81.00000"
"高鐵北路","一段","C","121.214012000","25.013666000","3","240","2.20000","82.00000"
"高鐵北路","一段","C","121.213879000","25.013531000","3","220","1.70000","81.00000"
"高鐵北路","一段","C","121.213746000","25.013397000","3","200","4.27000","81.00000"
"高鐵北路","一段","C","121.213614000","25.013263000","3","180","3.39000","81.00000"
"高鐵北路","一段","C","121.213481000","25.013129000","3","160","3.94000","80.00000"
"高鐵北路","一段","C","121.213348000","25.012995000","3","140","2.09000","82.00000"
"高鐵北路","一段","C","121.213216000","25.012861000","3","120","3.08000","81.00000"
"高鐵北路","一段","C","121.213083000","25.012727000","3","100","2.44000","81.00000"
"高鐵北路","一段","C","121.212950000","25.012593000","3","80","2.83000","80.00000"
"高鐵北路","一段","C","121.212816000","25.012460000","3","60","3.06000","82.00000"
"高鐵北路","一段","C","121.212682000","25.012327000","3","40","3.21000","81.00000"
"高鐵北路","一段","C","121.212547000","25.012195000","3","20","2.73000","82.00000"
"高鐵北路","一段","C","121.212413000","25.012062000","3","0","3.08000","81.00000"
"高鐵北路","一段","CA","121.217970000","25.016311000","1","740","2.95000","79.00000"
"高鐵北路","一段","CA","121.217881000","25.016149000","1","720","1.72000","74.00000"
"高鐵北路","一段","CA","121.217806000","25.015983000","1","700","1.74000","73.00000"
"高鐵北路","一段","CA","121.217748000","25.015810000","1","680","1.07000","71.00000"
"高鐵北路","一段","CA","121.217704000","25.015634000","1","660","1.36000","80.00000"
"高鐵北路","一段","CA","121.217672000","25.015456000","1","640","2.15000","78.00000"
"高鐵北路","一段","CA","121.217651000","25.015277000","1","620","1.64000","80.00000"
"高鐵北路","一段","CA","121.217632000","25.015097000","1","600","2.26000","78.00000"
"高鐵北路","一段","CA","121.217610000","25.014918000","1","580","1.40000","78.00000"
"高鐵北路","一段","CA","121.217563000","25.014742000","1","560","2.50000","81.00000"
"高鐵北路","一段","CA","121.217480000","25.014579000","1","540","1.78000","80.00000"
"高鐵北路","一段","CA","121.217390000","25.014418000","1","520","2.91000","79.00000"
"高鐵北路","一段","CA","121.217294000","25.014260000","1","500",NULL,"79.00000"
"高鐵南路","二段","B","121.202870000","25.000855000","3","0","2.97000","78.00000"
"高鐵南路","二段","B","121.203001000","25.000990000","3","20","1.23000","77.00000"
"高鐵南路","二段","B","121.203133000","25.001125000","3","40","1.90000","78.00000"
"高鐵南路","二段","B","121.203266000","25.001259000","3","60","1.87000","79.00000"
"高鐵南路","二段","B","121.203400000","25.001392000","3","80","1.70000","78.00000"
"高鐵南路","二段","B","121.203534000","25.001525000","3","100","2.00000","79.00000"
"高鐵南路","二段","B","121.203668000","25.001658000","3","120","2.11000","78.00000"
"高鐵南路","二段","B","121.203802000","25.001791000","3","140","2.94000","77.00000"
"高鐵南路","二段","B","121.203936000","25.001924000","3","160","2.07000","78.00000"
"高鐵南路","二段","B","121.204071000","25.002056000","3","180","3.15000","77.00000"
"高鐵南路","二段","B","121.204205000","25.002189000","3","200","5.53000","78.00000"
"高鐵南路","二段","B","121.204338000","25.002323000","3","220","3.86000","78.00000"
"高鐵南路","二段","B","121.204469000","25.002459000","3","240","2.19000","78.00000"
"高鐵南路","二段","B","121.204599000","25.002594000","3","260","1.10000","78.00000"
"高鐵南路","二段","B","121.204730000","25.002730000","3","280","6.00000","78.00000"
"高鐵南路","二段","B","121.204862000","25.002865000","3","300","7.54000","79.00000"
"高鐵南路","二段","B","121.204996000","25.002998000","3","320","3.18000","80.00000"
"高鐵南路","二段","B","121.205130000","25.003131000","3","340","2.87000","79.00000"
"高鐵南路","二段","B","121.205264000","25.003264000","3","360","2.16000","77.00000"
"高鐵南路","二段","B","121.205398000","25.003397000","3","380","1.59000","76.00000"
"高鐵南路","二段","B","121.205531000","25.003531000","3","400","1.96000","79.00000"
"高鐵南路","二段","B","121.205665000","25.003664000","3","420","2.11000","78.00000"
"高鐵南路","二段","B","121.205799000","25.003797000","3","440","1.84000","78.00000"
"高鐵南路","二段","B","121.205933000","25.003930000","3","460","1.71000","77.00000"
"高鐵南路","二段","B","121.206066000","25.004063000","3","480","3.48000","77.00000"
"高鐵南路","二段","B","121.206200000","25.004197000","3","500","4.05000","78.00000"
"高鐵南路","二段","B","121.206335000","25.004329000","3","520","1.87000","77.00000"
"高鐵南路","二段","B","121.206469000","25.004462000","3","540","2.09000","78.00000"
"高鐵南路","二段","B","121.206603000","25.004595000","3","560","2.30000","79.00000"
"高鐵南路","二段","B","121.206738000","25.004727000","3","580","1.86000","77.00000"
"高鐵南路","二段","B","121.206872000","25.004860000","3","600","2.90000","78.00000"
"高鐵南路","二段","B","121.207007000","25.004993000","3","620","3.68000","79.00000"
"高鐵南路","二段","B","121.207141000","25.005125000","3","640","3.59000","78.00000"
"高鐵南路","二段","B","121.207275000","25.005258000","3","660","2.85000","79.00000"
"高鐵南路","二段","B","121.207410000","25.005391000","3","680","4.11000","78.00000"
"高鐵南路","二段","B","121.207544000","25.005523000","3","700","3.68000","79.00000"
"高鐵南路","二段","B","121.207679000","25.005656000","3","720","3.03000","78.00000"
"高鐵南路","二段","B","121.207813000","25.005789000","3","740","3.85000","77.00000"
"高鐵南路","二段","B","121.207944000","25.005924000","3","760",NULL,"79.00000"
"高鐵南路","二段","B","121.202810000","25.000902000","1","0","2.74000","78.00000"
"高鐵南路","二段","B","121.202941000","25.001038000","1","20","2.70000","77.00000"
"高鐵南路","二段","B","121.203073000","25.001172000","1","40","3.19000","78.00000"
"高鐵南路","二段","B","121.203206000","25.001307000","1","60","3.31000","79.00000"
"高鐵南路","二段","B","121.203340000","25.001440000","1","80","3.69000","78.00000"
"高鐵南路","二段","B","121.203474000","25.001572000","1","100","3.37000","79.00000"
"高鐵南路","二段","B","121.203608000","25.001705000","1","120","2.81000","78.00000"
"高鐵南路","二段","B","121.203742000","25.001838000","1","140","3.08000","77.00000"
"高鐵南路","二段","B","121.203877000","25.001971000","1","160","5.56000","78.00000"
"高鐵南路","二段","B","121.204011000","25.002104000","1","180","6.73000","77.00000"
"高鐵南路","二段","B","121.204145000","25.002236000","1","200","6.82000","78.00000"
"高鐵南路","二段","B","121.204279000","25.002370000","1","220","3.50000","78.00000"
"高鐵南路","二段","B","121.204409000","25.002506000","1","240","2.77000","78.00000"
"高鐵南路","二段","B","121.204540000","25.002642000","1","260","2.86000","78.00000"
"高鐵南路","二段","B","121.204670000","25.002778000","1","280","3.32000","78.00000"
"高鐵南路","二段","B","121.204802000","25.002912000","1","300","2.89000","79.00000"
"高鐵南路","二段","B","121.204936000","25.003045000","1","320","2.12000","80.00000"
"高鐵南路","二段","B","121.205070000","25.003178000","1","340","2.20000","79.00000"
"高鐵南路","二段","B","121.205204000","25.003312000","1","360","2.50000","77.00000"
"高鐵南路","二段","B","121.205338000","25.003445000","1","380","3.25000","76.00000"
"高鐵南路","二段","B","121.205471000","25.003578000","1","400","7.22000","79.00000"
"高鐵南路","二段","B","121.205605000","25.003711000","1","420","2.11000","78.00000"
"高鐵南路","二段","B","121.205739000","25.003844000","1","440","2.58000","78.00000"
"高鐵南路","二段","B","121.205873000","25.003977000","1","460","2.04000","77.00000"
"高鐵南路","二段","B","121.206007000","25.004111000","1","480","8.14000","77.00000"
"高鐵南路","二段","B","121.206140000","25.004244000","1","500","3.92000","78.00000"
"高鐵南路","二段","B","121.206275000","25.004377000","1","520","3.74000","77.00000"
"高鐵南路","二段","B","121.206409000","25.004509000","1","540","2.93000","78.00000"
"高鐵南路","二段","B","121.206544000","25.004642000","1","560","2.64000","79.00000"
"高鐵南路","二段","B","121.206678000","25.004775000","1","580","3.42000","77.00000"
"高鐵南路","二段","B","121.206812000","25.004907000","1","600","2.81000","78.00000"
"高鐵南路","二段","B","121.206947000","25.005040000","1","620","2.79000","79.00000"
"高鐵南路","二段","B","121.207081000","25.005173000","1","640","2.22000","78.00000"
"高鐵南路","二段","B","121.207216000","25.005305000","1","660","3.42000","79.00000"
"高鐵南路","二段","B","121.207350000","25.005438000","1","680","2.94000","78.00000"
"高鐵南路","二段","B","121.207484000","25.005571000","1","700","3.77000","79.00000"
"高鐵南路","二段","B","121.207619000","25.005703000","1","720","3.48000","78.00000"
"高鐵南路","二段","B","121.207753000","25.005836000","1","740","2.19000","77.00000"
"高鐵南路","二段","B","121.207884000","25.005972000","1","760","1.79000","79.00000"
"高鐵南路","二段","B","121.202900000","25.000831000","4","0","2.00000","78.00000"
"高鐵南路","二段","B","121.203031000","25.000967000","4","20","1.95000","77.00000"
"高鐵南路","二段","B","121.203163000","25.001101000","4","40","1.68000","78.00000"
"高鐵南路","二段","B","121.203296000","25.001236000","4","60","1.59000","79.00000"
"高鐵南路","二段","B","121.203430000","25.001369000","4","80","1.10000","78.00000"
"高鐵南路","二段","B","121.203564000","25.001502000","4","100","1.85000","79.00000"
"高鐵南路","二段","B","121.203698000","25.001634000","4","120","2.54000","78.00000"
"高鐵南路","二段","B","121.203832000","25.001767000","4","140","2.35000","77.00000"
"高鐵南路","二段","B","121.203966000","25.001900000","4","160","2.63000","78.00000"
"高鐵南路","二段","B","121.204101000","25.002033000","4","180","5.27000","77.00000"
"高鐵南路","二段","B","121.204235000","25.002165000","4","200","2.83000","78.00000"
"高鐵南路","二段","B","121.204368000","25.002299000","4","220","1.44000","78.00000"
"高鐵南路","二段","B","121.204499000","25.002435000","4","240","1.83000","78.00000"
"高鐵南路","二段","B","121.204629000","25.002571000","4","260","1.50000","78.00000"
"高鐵南路","二段","B","121.204760000","25.002707000","4","280","7.53000","78.00000"
"高鐵南路","二段","B","121.204892000","25.002841000","4","300","6.91000","79.00000"
"高鐵南路","二段","B","121.205026000","25.002974000","4","320","3.53000","80.00000"
"高鐵南路","二段","B","121.205160000","25.003107000","4","340","3.75000","79.00000"
"高鐵南路","二段","B","121.205294000","25.003241000","4","360","2.17000","77.00000"
"高鐵南路","二段","B","121.205428000","25.003374000","4","380","1.55000","76.00000"
"高鐵南路","二段","B","121.205561000","25.003507000","4","400","2.28000","79.00000"
"高鐵南路","二段","B","121.205695000","25.003640000","4","420","3.38000","78.00000"
"高鐵南路","二段","B","121.205829000","25.003773000","4","440","1.64000","78.00000"
"高鐵南路","二段","B","121.205963000","25.003907000","4","460","1.25000","77.00000"
"高鐵南路","二段","B","121.206096000","25.004040000","4","480","2.83000","77.00000"
"高鐵南路","二段","B","121.206230000","25.004173000","4","500","2.10000","78.00000"
"高鐵南路","二段","B","121.206365000","25.004306000","4","520","2.22000","77.00000"
"高鐵南路","二段","B","121.206499000","25.004438000","4","540","2.79000","78.00000"
"高鐵南路","二段","B","121.206633000","25.004571000","4","560","1.74000","79.00000"
"高鐵南路","二段","B","121.206768000","25.004704000","4","580","2.64000","77.00000"
"高鐵南路","二段","B","121.206902000","25.004836000","4","600","2.53000","78.00000"
"高鐵南路","二段","B","121.207037000","25.004969000","4","620","4.43000","79.00000"
"高鐵南路","二段","B","121.207171000","25.005102000","4","640","2.44000","78.00000"
"高鐵南路","二段","B","121.207305000","25.005234000","4","660","1.31000","79.00000"
"高鐵南路","二段","B","121.207440000","25.005367000","4","680","1.40000","78.00000"
"高鐵南路","二段","B","121.207574000","25.005500000","4","700","3.65000","79.00000"
"高鐵南路","二段","B","121.207709000","25.005632000","4","720","5.50000","78.00000"
"高鐵南路","二段","B","121.207843000","25.005765000","4","740","3.67000","77.00000"
"高鐵南路","二段","B","121.207974000","25.005901000","4","760",NULL,"79.00000"
"高鐵南路","一段","B","121.207965000","25.006053000","1","780","1.50000","78.00000"
"高鐵南路","一段","B","121.208097000","25.006188000","1","800","2.15000","77.00000"
"高鐵南路","一段","B","121.208231000","25.006321000","1","820","1.83000","79.00000"
"高鐵南路","一段","B","121.208365000","25.006454000","1","840","2.44000","76.00000"
"高鐵南路","一段","B","121.208499000","25.006587000","1","860","3.05000","79.00000"
"高鐵南路","一段","B","121.208633000","25.006720000","1","880","3.81000","78.00000"
"高鐵南路","一段","B","121.208767000","25.006852000","1","900","2.59000","78.00000"
"高鐵南路","一段","B","121.208901000","25.006985000","1","920","3.43000","78.00000"
"高鐵南路","一段","B","121.209035000","25.007118000","1","940","6.67000","78.00000"
"高鐵南路","一段","B","121.209170000","25.007251000","1","960","2.60000","77.00000"
"高鐵南路","一段","B","121.209302000","25.007385000","1","980","1.35000","78.00000"
"高鐵南路","一段","B","121.209435000","25.007519000","1","1000","2.28000","78.00000"
"高鐵南路","一段","B","121.209568000","25.007654000","1","1020","3.38000","77.00000"
"高鐵南路","一段","B","121.209700000","25.007788000","1","1040","2.96000","78.00000"
"高鐵南路","一段","B","121.209833000","25.007922000","1","1060","2.97000","77.00000"
"高鐵南路","一段","B","121.209965000","25.008056000","1","1080","2.52000","79.00000"
"高鐵南路","一段","B","121.210098000","25.008190000","1","1100","1.73000","78.00000"
"高鐵南路","一段","B","121.210233000","25.008323000","1","1120","1.80000","77.00000"
"高鐵南路","一段","B","121.210368000","25.008455000","1","1140","2.04000","77.00000"
"高鐵南路","一段","B","121.210505000","25.008585000","1","1160","2.52000","78.00000"
"高鐵南路","一段","B","121.210642000","25.008716000","1","1180","4.00000","79.00000"
"高鐵南路","一段","B","121.210779000","25.008846000","1","1200","6.84000","77.00000"
"高鐵南路","一段","B","121.210915000","25.008977000","1","1220","5.47000","78.00000"
"高鐵南路","一段","B","121.211051000","25.009108000","1","1240","3.76000","79.00000"
"高鐵南路","一段","B","121.211188000","25.009239000","1","1260","2.84000","77.00000"
"高鐵南路","一段","B","121.211324000","25.009370000","1","1280","3.64000","79.00000"
"高鐵南路","一段","B","121.211457000","25.009504000","1","1300","5.00000","78.00000"
"高鐵南路","一段","B","121.211589000","25.009639000","1","1320","3.23000","77.00000"
"高鐵南路","一段","B","121.208025000","25.006006000","3","780","3.67000","78.00000"
"高鐵南路","一段","B","121.208157000","25.006141000","3","800","1.87000","77.00000"
"高鐵南路","一段","B","121.208291000","25.006274000","3","820","2.73000","79.00000"
"高鐵南路","一段","B","121.208425000","25.006407000","3","840","3.31000","76.00000"
"高鐵南路","一段","B","121.208559000","25.006539000","3","860","3.10000","79.00000"
"高鐵南路","一段","B","121.208693000","25.006672000","3","880","3.04000","78.00000"
"高鐵南路","一段","B","121.208827000","25.006805000","3","900","5.66000","78.00000"
"高鐵南路","一段","B","121.208961000","25.006938000","3","920","4.97000","78.00000"
"高鐵南路","一段","B","121.209096000","25.007071000","3","940","7.44000","78.00000"
"高鐵南路","一段","B","121.209230000","25.007204000","3","960","1.78000","77.00000"
"高鐵南路","一段","B","121.209362000","25.007338000","3","980","1.81000","78.00000"
"高鐵南路","一段","B","121.209495000","25.007472000","3","1000","2.08000","78.00000"
"高鐵南路","一段","B","121.209628000","25.007606000","3","1020","2.66000","77.00000"
"高鐵南路","一段","B","121.209760000","25.007741000","3","1040","1.07000","78.00000"
"高鐵南路","一段","B","121.209893000","25.007875000","3","1060","2.71000","77.00000"
"高鐵南路","一段","B","121.210026000","25.008009000","3","1080","1.30000","79.00000"
"高鐵南路","一段","B","121.210159000","25.008143000","3","1100","2.40000","78.00000"
"高鐵南路","一段","B","121.210293000","25.008276000","3","1120","2.36000","77.00000"
"高鐵南路","一段","B","121.210428000","25.008407000","3","1140","2.33000","77.00000"
"高鐵南路","一段","B","121.210565000","25.008538000","3","1160","1.57000","78.00000"
"高鐵南路","一段","B","121.210702000","25.008668000","3","1180","2.92000","79.00000"
"高鐵南路","一段","B","121.210839000","25.008799000","3","1200","3.30000","77.00000"
"高鐵南路","一段","B","121.210975000","25.008930000","3","1220","8.69000","78.00000"
"高鐵南路","一段","B","121.211112000","25.009061000","3","1240","6.09000","79.00000"
"高鐵南路","一段","B","121.211248000","25.009192000","3","1260","4.27000","77.00000"
"高鐵南路","一段","B","121.211384000","25.009323000","3","1280","5.74000","79.00000"
"高鐵南路","一段","B","121.211517000","25.009457000","3","1300","4.71000","78.00000"
"高鐵南路","一段","B","121.211649000","25.009592000","3","1320","3.52000","77.00000"
"高鐵南路","一段","B","121.211807000","25.009699000","3","1340","3.07000","77.00000"
"高鐵南路","一段","B","121.211972000","25.009800000","3","1360","3.57000","78.00000"
"高鐵南路","一段","B","121.212136000","25.009901000","3","1380","3.27000","80.00000"
"高鐵南路","一段","B","121.212313000","25.009982000","3","1400","2.82000","77.00000"
"高鐵南路","一段","B","121.212498000","25.010045000","3","1420","3.49000","78.00000"
"高鐵南路","一段","B","121.212689000","25.010092000","3","1440","3.02000","79.00000"
"高鐵南路","一段","B","121.212883000","25.010129000","3","1460","3.13000","78.00000"
"高鐵南路","一段","B","121.213073000","25.010182000","3","1480","3.01000","77.00000"
"高鐵南路","一段","B","121.213255000","25.010252000","3","1500","3.17000","79.00000"
"高鐵南路","一段","B","121.213431000","25.010336000","3","1520","2.98000","77.00000"
"高鐵南路","一段","B","121.208055000","25.005982000","4","780","2.46000","78.00000"
"高鐵南路","一段","B","121.208187000","25.006117000","4","800","3.94000","77.00000"
"高鐵南路","一段","B","121.208321000","25.006250000","4","820","3.25000","79.00000"
"高鐵南路","一段","B","121.208455000","25.006383000","4","840","5.94000","76.00000"
"高鐵南路","一段","B","121.208589000","25.006516000","4","860","3.60000","79.00000"
"高鐵南路","一段","B","121.208723000","25.006649000","4","880","2.99000","78.00000"
"高鐵南路","一段","B","121.208857000","25.006782000","4","900","4.16000","78.00000"
"高鐵南路","一段","B","121.208991000","25.006915000","4","920","4.55000","78.00000"
"高鐵南路","一段","B","121.209126000","25.007048000","4","940","6.42000","78.00000"
"高鐵南路","一段","B","121.209260000","25.007180000","4","960","2.91000","77.00000"
"高鐵南路","一段","B","121.209392000","25.007315000","4","980","3.73000","78.00000"
"高鐵南路","一段","B","121.209525000","25.007449000","4","1000","2.87000","78.00000"
"高鐵南路","一段","B","121.209658000","25.007583000","4","1020","2.94000","77.00000"
"高鐵南路","一段","B","121.209790000","25.007717000","4","1040","3.96000","78.00000"
"高鐵南路","一段","B","121.209923000","25.007851000","4","1060","5.76000","77.00000"
"高鐵南路","一段","B","121.210056000","25.007985000","4","1080","3.71000","79.00000"
"高鐵南路","一段","B","121.210189000","25.008119000","4","1100","6.02000","78.00000"
"高鐵南路","一段","B","121.210323000","25.008252000","4","1120","3.92000","77.00000"
"高鐵南路","一段","B","121.210458000","25.008384000","4","1140","3.67000","77.00000"
"高鐵南路","一段","B","121.210595000","25.008514000","4","1160","2.07000","78.00000"
"高鐵南路","一段","B","121.210732000","25.008645000","4","1180","9.16000","79.00000"
"高鐵南路","一段","B","121.210869000","25.008775000","4","1200","4.93000","77.00000"
"高鐵南路","一段","B","121.211005000","25.008906000","4","1220","3.75000","78.00000"
"高鐵南路","一段","B","121.211142000","25.009037000","4","1240","1.25000","79.00000"
"高鐵南路","一段","B","121.211278000","25.009169000","4","1260","2.32000","77.00000"
"高鐵南路","一段","B","121.211414000","25.009300000","4","1280","1.98000","79.00000"
"高鐵南路","一段","B","121.211547000","25.009434000","4","1300","1.82000","78.00000"
"高鐵南路","一段","B","121.211679000","25.009568000","4","1320","2.63000","77.00000"
"高鐵南路","一段","B","121.211838000","25.009674000","4","1340","2.72000","77.00000"
"高鐵南路","一段","B","121.212003000","25.009775000","4","1360","1.69000","78.00000"
"高鐵南路","一段","B","121.212167000","25.009876000","4","1380","2.21000","80.00000"
"高鐵南路","一段","B","121.212345000","25.009956000","4","1400","3.04000","77.00000"
"高鐵南路","一段","B","121.212531000","25.010016000","4","1420","3.32000","78.00000"
"高鐵南路","一段","B","121.212723000","25.010062000","4","1440","2.58000","79.00000"
"高鐵南路","一段","B","121.212917000","25.010100000","4","1460","3.56000","78.00000"
"高鐵南路","一段","B","121.213105000","25.010155000","4","1480","1.95000","77.00000"
"高鐵南路","一段","B","121.213287000","25.010226000","4","1500","3.19000","79.00000"
"高鐵南路","一段","B","121.213463000","25.010310000","4","1520","3.31000","77.00000"
"高鐵南路","一段","BA","121.211751000","25.009767000","2","0","1.56000","62.00000"
"高鐵南路","一段","BA","121.211856000","25.009920000","2","20","2.45000","60.00000"
"高鐵南路","一段","BA","121.211950000","25.010079000","2","40","1.47000","61.00000"
"高鐵南路","一段","BA","121.212025000","25.010245000","2","60","1.25000","61.00000"
"高鐵南路","一段","BA","121.212076000","25.010419000","2","80","2.00000","61.00000"
"高鐵南路","一段","BA","121.212113000","25.010596000","2","100","2.02000","60.00000"
"高鐵南路","一段","BA","121.212127000","25.010776000","2","120","1.17000","61.00000"
"高鐵南路","一段","BA","121.212147000","25.010956000","2","140","2.25000","60.00000"
"高鐵南路","一段","BA","121.212175000","25.011134000","2","160","3.46000","61.00000"
"高鐵南路","一段","BA","121.212232000","25.011307000","2","180","2.19000","61.00000"
"高鐵南路","一段","BA","121.212301000","25.011476000","2","200","3.04000","60.00000"
"高鐵南路","一段","BA","121.212392000","25.011636000","2","220",NULL,"71.00000"
"高鐵南路","一段","BA","121.211717000","25.009786000","1","0","1.72000","62.00000"
"高鐵南路","一段","BA","121.211823000","25.009939000","1","20","1.95000","60.00000"
"高鐵南路","一段","BA","121.211916000","25.010098000","1","40","1.89000","61.00000"
"高鐵南路","一段","BA","121.211990000","25.010265000","1","60","1.03000","61.00000"
"高鐵南路","一段","BA","121.212041000","25.010439000","1","80","2.43000","61.00000"
"高鐵南路","一段","BA","121.212074000","25.010616000","1","100","3.02000","60.00000"
"高鐵南路","一段","BA","121.212090000","25.010796000","1","120","1.71000","61.00000"
"高鐵南路","一段","BA","121.212109000","25.010976000","1","140","1.95000","60.00000"
"高鐵南路","一段","BA","121.212140000","25.011154000","1","160","2.51000","61.00000"
"高鐵南路","一段","BA","121.212198000","25.011326000","1","180","3.39000","61.00000"
"高鐵南路","一段","BA","121.212267000","25.011495000","1","200","3.50000","60.00000"
"高鐵南路","一段","BA","121.212358000","25.011655000","1","220",NULL,"71.00000"
"高鐵北路","一段","CX","121.212523000","25.011935000","1","0","3.25000","59.00000"
"高鐵北路","一段","CX","121.212650000","25.012074000","1","20","2.32000","59.00000"
"高鐵北路","一段","CX","121.212782000","25.012208000","1","40","1.83000","59.00000"
"高鐵北路","一段","CX","121.212916000","25.012342000","1","60","3.02000","60.00000"
"高鐵北路","一段","CX","121.213049000","25.012475000","1","80","3.34000","59.00000"
"高鐵北路","一段","CX","121.213183000","25.012608000","1","100","1.67000","60.00000"
"高鐵北路","一段","CX","121.213317000","25.012742000","1","120","1.98000","60.00000"
"高鐵北路","一段","CX","121.213451000","25.012875000","1","140","1.74000","59.00000"
"高鐵北路","一段","CX","121.213585000","25.013008000","1","160","2.34000","59.00000"
"高鐵北路","一段","CX","121.213719000","25.013141000","1","180","1.83000","60.00000"
"高鐵北路","一段","CX","121.213853000","25.013274000","1","200","2.65000","60.00000"
"高鐵北路","一段","CX","121.213986000","25.013407000","1","220","2.63000","59.00000"
"高鐵北路","一段","CX","121.214120000","25.013540000","1","240","3.48000","60.00000"
"高鐵北路","一段","CX","121.214254000","25.013673000","1","260","3.49000","59.00000"
"高鐵北路","一段","CX","121.214388000","25.013806000","1","280","2.79000","59.00000"
"高鐵北路","一段","CX","121.214522000","25.013939000","1","300","2.59000","60.00000"
"高鐵北路","一段","CX","121.214656000","25.014072000","1","320","1.95000","60.00000"
"高鐵北路","一段","CX","121.214790000","25.014206000","1","340","1.76000","59.00000"
"高鐵北路","一段","CX","121.214924000","25.014339000","1","360","1.87000","59.00000"
"高鐵北路","一段","CX","121.215058000","25.014472000","1","380","2.83000","59.00000"
"高鐵北路","一段","CX","121.215192000","25.014604000","1","400","3.14000","60.00000"
"高鐵北路","一段","CX","121.215331000","25.014734000","1","420","3.31000","59.00000"
"高鐵北路","一段","CX","121.215472000","25.014860000","1","440","3.57000","59.00000"
"高鐵北路","一段","CX","121.215641000","25.014953000","1","460","3.53000","59.00000"
"高鐵北路","一段","CX","121.215830000","25.015004000","1","480","3.17000","58.00000"
"高鐵北路","一段","CX","121.216026000","25.014994000","1","500","3.71000","59.00000"
"高鐵北路","一段","CX","121.216206000","25.014921000","1","520","2.78000","60.00000"
"高鐵北路","一段","CX","121.216365000","25.014814000","1","540","2.74000","59.00000"
"高鐵北路","一段","CX","121.216515000","25.014696000","1","560","2.35000","60.00000"
"高鐵北路","一段","CX","121.216666000","25.014578000","1","580","4.18000","59.00000"
"高鐵北路","一段","CX","121.216816000","25.014461000","1","600","4.13000","59.00000"
"高鐵北路","一段","CX","121.216966000","25.014343000","1","620","2.80000","60.00000"
"高鐵北路","一段","CX","121.217116000","25.014225000","1","640","5.26000","58.00000"
"高鐵北路","一段","CX","121.212584000","25.011889000","3","0","2.35000","59.00000"
"高鐵北路","一段","CX","121.212711000","25.012027000","3","20","3.34000","59.00000"
"高鐵北路","一段","CX","121.212843000","25.012162000","3","40","2.20000","59.00000"
"高鐵北路","一段","CX","121.212976000","25.012295000","3","60","3.56000","60.00000"
"高鐵北路","一段","CX","121.213110000","25.012429000","3","80","3.13000","59.00000"
"高鐵北路","一段","CX","121.213244000","25.012562000","3","100","3.42000","60.00000"
"高鐵北路","一段","CX","121.213378000","25.012695000","3","120","3.49000","60.00000"
"高鐵北路","一段","CX","121.213512000","25.012828000","3","140","3.44000","59.00000"
"高鐵北路","一段","CX","121.213646000","25.012961000","3","160","3.42000","59.00000"
"高鐵北路","一段","CX","121.213779000","25.013094000","3","180","2.75000","60.00000"
"高鐵北路","一段","CX","121.213913000","25.013227000","3","200","5.68000","60.00000"
"高鐵北路","一段","CX","121.214047000","25.013361000","3","220","3.51000","59.00000"
"高鐵北路","一段","CX","121.214181000","25.013494000","3","240","3.16000","60.00000"
"高鐵北路","一段","CX","121.214315000","25.013627000","3","260","3.46000","59.00000"
"高鐵北路","一段","CX","121.214449000","25.013760000","3","280","3.69000","59.00000"
"高鐵北路","一段","CX","121.214583000","25.013893000","3","300","3.91000","60.00000"
"高鐵北路","一段","CX","121.214717000","25.014026000","3","320","2.18000","60.00000"
"高鐵北路","一段","CX","121.214851000","25.014159000","3","340","4.75000","59.00000"
"高鐵北路","一段","CX","121.214985000","25.014292000","3","360","4.18000","59.00000"
"高鐵北路","一段","CX","121.215119000","25.014425000","3","380","2.72000","59.00000"
"高鐵北路","一段","CX","121.215253000","25.014558000","3","400","2.50000","60.00000"
"高鐵北路","一段","CX","121.215392000","25.014687000","3","420","3.44000","59.00000"
"高鐵北路","一段","CX","121.215534000","25.014812000","3","440","3.38000","59.00000"
"高鐵北路","一段","CX","121.215706000","25.014900000","3","460","3.22000","59.00000"
"高鐵北路","一段","CX","121.215899000","25.014939000","3","480","3.29000","58.00000"
"高鐵北路","一段","CX","121.216089000","25.014895000","3","500","5.09000","59.00000"
"高鐵北路","一段","CX","121.216258000","25.014802000","3","520","4.21000","60.00000"
"高鐵北路","一段","CX","121.216409000","25.014685000","3","540","2.96000","59.00000"
"高鐵北路","一段","CX","121.216559000","25.014567000","3","560","3.30000","60.00000"
"高鐵北路","一段","CX","121.216709000","25.014449000","3","580","4.24000","59.00000"
"高鐵北路","一段","CX","121.216859000","25.014331000","3","600","5.80000","59.00000"
"高鐵北路","一段","C","121.218469000","25.016863000","1","820","1.32000","81.00000"
"高鐵北路","一段","C","121.218335000","25.016730000","1","800","1.96000","79.00000"
"高鐵北路","一段","C","121.218200000","25.016598000","1","780","1.25000","79.00000"
"高鐵北路","一段","C","121.218065000","25.016465000","1","760","1.54000","80.00000"
"高鐵南路","二段","B","121.207722000","25.006092000","3","760",NULL,"83.00000"
"高鐵南路","二段","B","121.207588000","25.005959000","3","740","3.32000","82.00000"
"高鐵南路","二段","B","121.207454000","25.005826000","3","720","3.58000","82.00000"
"高鐵南路","二段","B","121.207321000","25.005692000","3","700","2.93000","82.00000"
"高鐵南路","二段","B","121.207187000","25.005559000","3","680","2.33000","81.00000"
"高鐵南路","二段","B","121.207054000","25.005426000","3","660","2.35000","81.00000"
"高鐵南路","二段","B","121.206920000","25.005292000","3","640","2.09000","81.00000"
"高鐵南路","二段","B","121.206787000","25.005159000","3","620","6.21000","81.00000"
"高鐵南路","二段","B","121.206653000","25.005025000","3","600","8.20000","82.00000"
"高鐵南路","二段","B","121.206520000","25.004892000","3","580","10.30000","82.00000"
"高鐵南路","二段","B","121.206386000","25.004759000","3","560","2.06000","81.00000"
"高鐵南路","二段","B","121.206253000","25.004625000","3","540","2.29000","80.00000"
"高鐵南路","二段","B","121.206121000","25.004490000","3","520","2.94000","81.00000"
"高鐵南路","二段","B","121.205990000","25.004355000","3","500","1.89000","82.00000"
"高鐵南路","二段","B","121.205858000","25.004220000","3","480","3.56000","81.00000"
"高鐵南路","二段","B","121.205727000","25.004085000","3","460","1.90000","81.00000"
"高鐵南路","二段","B","121.205595000","25.003950000","3","440","1.93000","81.00000"
"高鐵南路","二段","B","121.205459000","25.003818000","3","420","1.65000","82.00000"
"高鐵南路","二段","B","121.205323000","25.003687000","3","400","2.21000","82.00000"
"高鐵南路","二段","B","121.205187000","25.003556000","3","380","3.20000","81.00000"
"高鐵南路","二段","B","121.205050000","25.003426000","3","360","2.06000","81.00000"
"高鐵南路","二段","B","121.204912000","25.003296000","3","340","3.19000","81.00000"
"高鐵南路","二段","B","121.204777000","25.003164000","3","320","5.61000","82.00000"
"高鐵南路","二段","B","121.204644000","25.003030000","3","300","5.12000","82.00000"
"高鐵南路","二段","B","121.204512000","25.002896000","3","280","2.13000","81.00000"
"高鐵南路","二段","B","121.204382000","25.002759000","3","260","1.72000","81.00000"
"高鐵南路","二段","B","121.204246000","25.002627000","3","240","2.66000","81.00000"
"高鐵南路","二段","B","121.204114000","25.002493000","3","220","3.54000","81.00000"
"高鐵南路","二段","B","121.203982000","25.002358000","3","200","1.81000","82.00000"
"高鐵南路","二段","B","121.203850000","25.002224000","3","180","2.42000","81.00000"
"高鐵南路","二段","B","121.203717000","25.002090000","3","160","3.11000","82.00000"
"高鐵南路","二段","B","121.203583000","25.001957000","3","140","2.33000","82.00000"
"高鐵南路","二段","B","121.203449000","25.001824000","3","120","4.27000","81.00000"
"高鐵南路","二段","B","121.203315000","25.001691000","3","100","9.05000","82.00000"
"高鐵南路","二段","B","121.203182000","25.001557000","3","80","4.83000","82.00000"
"高鐵南路","二段","B","121.203049000","25.001423000","3","60","4.31000","82.00000"
"高鐵南路","二段","B","121.202917000","25.001289000","3","40","3.01000","82.00000"
"高鐵南路","二段","B","121.202784000","25.001155000","3","20","3.67000","81.00000"
"高鐵南路","二段","B","121.202657000","25.001016000","3","0","4.25000","82.00000"
"領航北路","一段","A","121.201845000","25.001518000","3","140","3.31000","85.00000"
"領航北路","一段","A","121.201913000","25.000979000","3","80","3.27000","82.00000"
"領航北路","一段","A","121.201890000","25.001159000","3","100","4.11000","83.00000"
"領航北路","一段","A","121.201959000","25.000621000","3","40","3.08000","84.00000"
"領航北路","一段","A","121.201936000","25.000800000","3","60","3.51000","83.00000"
"領航北路","一段","A","121.202014000","25.000263000","3","0","2.16000","87.00000"
"領航北路","一段","A","121.201985000","25.000442000","3","20","4.42000","82.00000"
"領航北路","一段","A","121.201868000","25.001338000","3","120","2.99000","84.00000"
"高鐵北路","一段","CX","121.217101000","25.014191000","2","640","6.56000","58.00000"
"高鐵北路","一段","CX","121.216991000","25.014220000","3","620","4.76000","60.00000"
"高鐵北路","一段","CX","121.217080000","25.014157000","3","640","5.17000","58.00000"
"吉林北路",,"C","121.248974000","24.980535000","2","1460","3.48000","82.00000"
"吉林北路",,"C","121.248860000","24.980610000","2","1460","3.17000","80.00000"
"海山路",,"C","121.269589000","25.092062000","1","0",NULL,"82.00000"
"海山路",,"C","121.269781000","25.092018000","1","20",NULL,"81.00000"
"海山路",,"C","121.269974000","25.091974000","1","40",NULL,"81.00000"
"海山路",,"C","121.266705000","25.093806000","1","60",NULL,"82.00000"
"海山路",,"C","121.266885000","25.093729000","1","80",NULL,"80.00000"
"海山路",,"C","121.267065000","25.093653000","1","100",NULL,"81.00000"
"海山路",,"C","121.267245000","25.093579000","1","120",NULL,"82.00000"
"海山路",,"C","121.264525000","25.095362000","1","140",NULL,"82.00000"
"海山路",,"C","121.264641000","25.095216000","1","160",NULL,"80.00000"
"海山路",,"C","121.264761000","25.095072000","1","180",NULL,"81.00000"
"海山路",,"C","121.264877000","25.094925000","1","200",NULL,"81.00000"
"海山路",,"C","121.256129000","25.108363000","1","220",NULL,"82.00000"
"海山路",,"C","121.256043000","25.108525000","1","240",NULL,"82.00000"
"海山路",,"C","121.255954000","25.108686000","1","260",NULL,"82.00000"
"海山路",,"C","121.255857000","25.108844000","1","280",NULL,"82.00000"
"海山路",,"C","121.267845000","25.093317000","1","300",NULL,"81.00000"
"海山路",,"C","121.267984000","25.093191000","1","320",NULL,"81.00000"
"海山路",,"C","121.268095000","25.093041000","1","340",NULL,"82.00000"
"海山路",,"C","121.268203000","25.092890000","1","360",NULL,"82.00000"
"海山路",,"C","121.268307000","25.092736000","1","380",NULL,"81.00000"
"海山路",,"C","121.268423000","25.092590000","1","400",NULL,"82.00000"
"海山路",,"C","121.268554000","25.092455000","1","420",NULL,"81.00000"
"海山路",,"C","121.268709000","25.092342000","1","440",NULL,"81.00000"
"海山路",,"C","121.268877000","25.092247000","1","460",NULL,"82.00000"
"海山路",,"C","121.269057000","25.092174000","1","480",NULL,"82.00000"
"海山路",,"C","121.261547000","25.100187000","1","500",NULL,"82.00000"
"海山路",,"C","121.261783000","25.099897000","1","520",NULL,"81.00000"
"海山路",,"C","121.261901000","25.099752000","1","540",NULL,"82.00000"
"海山路",,"C","121.262020000","25.099607000","1","560",NULL,"82.00000"
"海山路",,"C","121.262138000","25.099463000","1","580",NULL,"81.00000"
"海山路",,"C","121.262257000","25.099318000","1","600",NULL,"82.00000"
"海山路",,"C","121.262377000","25.099174000","1","620",NULL,"81.00000"
"海山路",,"C","121.262495000","25.099029000","1","640",NULL,"81.00000"
"海山路",,"C","121.262612000","25.098883000","1","660",NULL,"81.00000"
"海山路",,"C","121.262729000","25.098737000","1","680",NULL,"82.00000"
"海山路",,"C","121.262911000","25.098412000","1","700",NULL,"81.00000"
"海山路",,"C","121.262979000","25.098243000","1","720",NULL,"81.00000"
"海山路",,"C","121.263046000","25.098073000","1","740",NULL,"80.00000"
"海山路",,"C","121.274114000","25.090777000","1","760",NULL,"82.00000"
"海山路",,"C","121.274299000","25.090713000","1","780",NULL,"82.00000"
"海山路",,"C","121.281097000","25.087256000","1","800",NULL,"81.00000"
"海山路",,"C","121.280920000","25.087338000","1","820",NULL,"80.00000"
"海山路",,"C","121.280740000","25.087414000","1","840",NULL,"81.00000"
"海山路",,"C","121.254729000","25.110746000","1","860",NULL,"80.00000"
"海山路",,"C","121.254640000","25.110908000","1","880",NULL,"81.00000"
"海山路",,"C","121.254554000","25.111070000","1","900",NULL,"82.00000"
"海山路",,"C","121.254466000","25.111232000","1","920",NULL,"82.00000"
"海山路",,"C","121.254375000","25.111393000","1","940",NULL,"81.00000"
"海山路",,"C","121.254288000","25.111555000","1","960",NULL,"81.00000"
"海山路",,"C","121.254201000","25.111717000","1","980",NULL,"81.00000"
"海山路",,"C","121.264525000","25.095362000","1","1000",NULL,"82.00000"
"海山路",,"C","121.264413000","25.095511000","1","1020",NULL,"82.00000"
"海山路",,"C","121.264299000","25.095658000","1","1040",NULL,"82.00000"
"海山路",,"C","121.264185000","25.095807000","1","1060",NULL,"82.00000"
"海山路",,"C","121.264071000","25.095954000","1","1080",NULL,"81.00000"
"海山路",,"C","121.263955000","25.096101000","1","1100",NULL,"81.00000"
"海山路",,"C","121.263842000","25.096249000","1","1120",NULL,"82.00000"
"海山路",,"C","121.263732000","25.096399000","1","1140",NULL,"80.00000"
"海山路",,"C","121.263640000","25.096558000","1","1160",NULL,"81.00000"
"海山路",,"C","121.263569000","25.096727000","1","1180",NULL,"81.00000"
"海山路",,"C","121.263500000","25.096896000","1","1200",NULL,"82.00000"
"海山路",,"C","121.278138000","25.088559000","1","1220",NULL,"82.00000"
"海山路",,"C","121.277978000","25.088665000","1","1240",NULL,"82.00000"
"海山路",,"C","121.269309000","25.092119000","1","1260",NULL,"83.00000"
"海山路",,"C","121.269502000","25.092080000","1","1280",NULL,"82.00000"
"海山路",,"C","121.274114000","25.090777000","1","1300",NULL,"82.00000"
"海山路",,"C","121.273934000","25.090853000","1","1320",NULL,"82.00000"
"海山路",,"C","121.273754000","25.090928000","1","1340",NULL,"81.00000"
"海山路",,"C","121.273572000","25.091000000","1","1360",NULL,"81.00000"
"海山路",,"C","121.273389000","25.091070000","1","1380",NULL,"81.00000"
"海山路",,"C","121.273205000","25.091138000","1","1400",NULL,"83.00000"
"海山路",,"C","121.273022000","25.091207000","1","1420",NULL,"81.00000"
"海山路",,"C","121.272837000","25.091271000","1","1440",NULL,"83.00000"
"海山路",,"C","121.272648000","25.091326000","1","1460",NULL,"82.00000"
"海山路",,"C","121.272457000","25.091374000","1","1480",NULL,"82.00000"
"海山路",,"C","121.272265000","25.091421000","1","1500",NULL,"80.00000"
"海山路",,"C","121.272074000","25.091469000","1","1520",NULL,"82.00000"
"海山路",,"C","121.260120000","25.102353000","1","1540",NULL,"81.00000"
"海山路",,"C","121.260034000","25.102515000","1","1560",NULL,"82.00000"
"海山路",,"C","121.259946000","25.102677000","1","1580",NULL,NULL
"海山路",,"C","121.259936000","25.102696000","1","1600",NULL,NULL
"海山路",,"C","121.282258000","25.086797000","1","1620",NULL,NULL
"海山路",,"C","121.280692000","25.087434000","1","1640",NULL,NULL
"海山路",,"C","121.280512000","25.087509000","1","1660",NULL,NULL
"海山路",,"C","121.270137000","25.091935000","1","1680",NULL,NULL
"海山路",,"C","121.270329000","25.091889000","1","1700",NULL,NULL
"海山路",,"C","121.270521000","25.091846000","1","1720",NULL,NULL
"海山路",,"C","121.270712000","25.091797000","1","1740",NULL,NULL
"海山路",,"C","121.270904000","25.091750000","1","1760",NULL,NULL
"海山路",,"C","121.271096000","25.091705000","1","1780",NULL,NULL
"海山路",,"C","121.271287000","25.091659000","1","1800",NULL,NULL
"海山路",,"C","121.271480000","25.091615000","1","1820",NULL,NULL
"海山路",,"C","121.271671000","25.091567000","1","1840",NULL,NULL
"海山路",,"C","121.271861000","25.091515000","1","1860",NULL,NULL
"海山路",,"C","121.255337000","25.109618000","1","1880",NULL,NULL
"海山路",,"C","121.255242000","25.109777000","1","1900",NULL,NULL
"海山路",,"C","121.255162000","25.109942000","1","1920",NULL,NULL
"海山路",,"C","121.282258000","25.086797000","1","1940",NULL,NULL
"海山路",,"C","121.282073000","25.086860000","1","1960",NULL,NULL
"海山路",,"C","121.281889000","25.086929000","1","1980",NULL,NULL
"海山路",,"C","121.256129000","25.108363000","1","2000",NULL,NULL
"海山路",,"C","121.256221000","25.108203000","1","2020",NULL,NULL
"海山路",,"C","121.256313000","25.108043000","1","2040",NULL,NULL
"海山路",,"C","121.280437000","25.087540000","1","2060",NULL,NULL
"海山路",,"C","121.280257000","25.087616000","1","2080",NULL,NULL
"海山路",,"C","121.280078000","25.087692000","1","2100",NULL,NULL
"海山路",,"C","121.279898000","25.087768000","1","2120",NULL,NULL
"海山路",,"C","121.279718000","25.087844000","1","2140",NULL,NULL
"海山路",,"C","121.279538000","25.087921000","1","2160",NULL,NULL
"海山路",,"C","121.279358000","25.087996000","1","2180",NULL,NULL
"海山路",,"C","121.279177000","25.088070000","1","2200",NULL,NULL
"海山路",,"C","121.278997000","25.088145000","1","2220",NULL,NULL
"海山路",,"C","121.278816000","25.088220000","1","2240",NULL,NULL
"海山路",,"C","121.278636000","25.088294000","1","2260",NULL,NULL
"海山路",,"C","121.278462000","25.088382000","1","2280",NULL,NULL
"海山路",,"C","121.278290000","25.088471000","1","2300",NULL,NULL
"海山路",,"C","121.263484000","25.096923000","1","2320",NULL,NULL
"海山路",,"C","121.263422000","25.097094000","1","2340",NULL,NULL
"海山路",,"C","121.263365000","25.097267000","1","2360",NULL,NULL
"海山路",,"C","121.263306000","25.097439000","1","2380",NULL,NULL
"海山路",,"C","121.263243000","25.097611000","1","2400",NULL,NULL
"海山路",,"C","121.263173000","25.097780000","1","2420",NULL,NULL
"海山路",,"C","121.263095000","25.097946000","1","2440",NULL,NULL
"海山路",,"C","121.284542000","25.086228000","1","2460",NULL,NULL
"海山路",,"C","121.284354000","25.086284000","1","2480",NULL,NULL
"海山路",,"C","121.284167000","25.086344000","1","2500",NULL,NULL
"海山路",,"C","121.283982000","25.086409000","1","2520",NULL,NULL
"海山路",,"C","121.283797000","25.086474000","1","2540",NULL,NULL
"海山路",,"C","121.283611000","25.086536000","1","2560",NULL,NULL
"海山路",,"C","121.283423000","25.086594000","1","2580",NULL,NULL
"海山路",,"C","121.283231000","25.086640000","1","2600",NULL,NULL
"海山路",,"C","121.283038000","25.086680000","1","2620",NULL,NULL
"海山路",,"C","121.282843000","25.086711000","1","2640",NULL,NULL
"海山路",,"C","121.282646000","25.086737000","1","2660",NULL,NULL
"海山路",,"C","121.282450000","25.086759000","1","2680",NULL,NULL
"海山路",,"C","121.285032000","25.086072000","1","2700",NULL,NULL
"海山路",,"C","121.284845000","25.086130000","1","2720",NULL,NULL
"海山路",,"C","121.284660000","25.086195000","1","2740",NULL,NULL
"海山路",,"C","121.275766000","25.090150000","1","2760",NULL,NULL
"海山路",,"C","121.275937000","25.090060000","1","2780",NULL,NULL
"海山路",,"C","121.276099000","25.089955000","1","2800",NULL,NULL
"海山路",,"C","121.276262000","25.089853000","1","2820",NULL,NULL
"海山路",,"C","121.276423000","25.089747000","1","2840",NULL,NULL
"海山路",,"C","121.276582000","25.089640000","1","2860",NULL,NULL
"海山路",,"C","121.276746000","25.089538000","1","2880",NULL,NULL
"海山路",,"C","121.261162000","25.100644000","1","2900",NULL,NULL
"海山路",,"C","121.261285000","25.100502000","1","2920",NULL,NULL
"海山路",,"C","121.261162000","25.100644000","1","2940",NULL,NULL
"海山路",,"C","121.261041000","25.100786000","1","2960",NULL,NULL
"海山路",,"C","121.260928000","25.100935000","1","2980",NULL,NULL
"海山路",,"C","121.260816000","25.101084000","1","3000",NULL,NULL
"海山路",,"C","121.255626000","25.109192000","1","3020",NULL,NULL
"海山路",,"C","121.255520000","25.109344000","1","3040",NULL,NULL
"海山路",,"C","121.255416000","25.109498000","1","3060",NULL,NULL
"海山路",,"C","121.260144000","25.102307000","1","3080",NULL,NULL
"海山路",,"C","121.264892000","25.094905000","1","3100",NULL,NULL
"海山路",,"C","121.265008000","25.094758000","1","3120",NULL,NULL
"海山路",,"C","121.265128000","25.094615000","1","3140",NULL,NULL
"海山路",,"C","121.265248000","25.094471000","1","3160",NULL,NULL
"海山路",,"C","121.265388000","25.094345000","1","3180",NULL,NULL
"海山路",,"C","121.254196000","25.111726000","1","3200",NULL,NULL
"海山路",,"C","121.255626000","25.109192000","1","3220",NULL,NULL
"海山路",,"C","121.260748000","25.101178000","1","3240",NULL,NULL
"海山路",,"C","121.260660000","25.101340000","1","3260",NULL,NULL
"海山路",,"C","121.260575000","25.101503000","1","3280",NULL,NULL
"海山路",,"C","121.260489000","25.101665000","1","3300",NULL,NULL
"海山路",,"C","121.260402000","25.101828000","1","3320",NULL,NULL
"海山路",,"C","121.260315000","25.101990000","1","3340",NULL,NULL
"海山路",,"C","121.261346000","25.100429000","1","3360",NULL,NULL
"海山路",,"C","121.261465000","25.100285000","1","3380",NULL,NULL
"海山路",,"C","121.257983000","25.105499000","1","3400",NULL,NULL
"海山路",,"C","121.257873000","25.105649000","1","3420",NULL,NULL
"海山路",,"C","121.257761000","25.105799000","1","3440",NULL,NULL
"海山路",,"C","121.257649000","25.105948000","1","3460",NULL,NULL
"海山路",,"C","121.257537000","25.106096000","1","3480",NULL,NULL
"海山路",,"C","121.277848000","25.088750000","1","3500",NULL,NULL
"海山路",,"C","121.277695000","25.088864000","1","3520",NULL,NULL
"海山路",,"C","121.277541000","25.088978000","1","3540",NULL,NULL
"海山路",,"C","121.277388000","25.089093000","1","3560",NULL,NULL
"海山路",,"C","121.277234000","25.089207000","1","3580",NULL,NULL
"海山路",,"C","121.277079000","25.089319000","1","3600",NULL,NULL
"海山路",,"C","121.276920000","25.089427000","1","3620",NULL,NULL
"海山路",,"C","121.265546000","25.094273000","1","3640",NULL,NULL
"海山路",,"C","121.265729000","25.094204000","1","3660",NULL,NULL
"海山路",,"C","121.265911000","25.094131000","1","3680",NULL,NULL
"海山路",,"C","121.266092000","25.094058000","1","3700",NULL,NULL
"海山路",,"C","121.266274000","25.093986000","1","3720",NULL,NULL
"海山路",,"C","121.266455000","25.093913000","1","3740",NULL,NULL
"海山路",,"C","121.266635000","25.093837000","1","3760",NULL,NULL
"海山路",,"C","121.259518000","25.103379000","1","3780",NULL,NULL
"海山路",,"C","121.285650000","25.085801000","1","3800",NULL,NULL
"海山路",,"C","121.285476000","25.085887000","1","3820",NULL,NULL
"海山路",,"C","121.285300000","25.085969000","1","3840",NULL,NULL
"海山路",,"C","121.285118000","25.086042000","1","3860",NULL,NULL
"海山路",,"C","121.286153000","25.085550000","1","3880",NULL,NULL
"海山路",,"C","121.285980000","25.085638000","1","3900",NULL,NULL
"海山路",,"C","121.285806000","25.085724000","1","3920",NULL,NULL
"海山路",,"C","121.262789000","25.098653000","1","3940",NULL,NULL
"海山路",,"C","121.262876000","25.098491000","1","3960",NULL,NULL
"海山路",,"C","121.274452000","25.090659000","1","3980",NULL,NULL
"海山路",,"C","121.274635000","25.090590000","1","4000",NULL,NULL
"海山路",,"C","121.274819000","25.090522000","1","4020",NULL,NULL
"海山路",,"C","121.275002000","25.090453000","1","4040",NULL,NULL
"海山路",,"C","121.275185000","25.090383000","1","4060",NULL,NULL
"海山路",,"C","121.275367000","25.090311000","1","4080",NULL,NULL
"海山路",,"C","121.275550000","25.090242000","1","4100",NULL,NULL
"海山路",,"C","121.275730000","25.090167000","1","4120",NULL,NULL
"海山路",,"C","121.261501000","25.100243000","1","4140",NULL,NULL
"海山路",,"C","121.281767000","25.086978000","1","4160",NULL,NULL
"海山路",,"C","121.281587000","25.087054000","1","4180",NULL,NULL
"海山路",,"C","121.281406000","25.087127000","1","4200",NULL,NULL
"海山路",,"C","121.281225000","25.087202000","1","4220",NULL,NULL
"海山路",,"C","121.276834000","25.089482000","1","4240",NULL,NULL
"海山路",,"C","121.267266000","25.093571000","1","4260",NULL,NULL
"海山路",,"C","121.267447000","25.093498000","1","4280",NULL,NULL
"海山路",,"C","121.267628000","25.093423000","1","4300",NULL,NULL
"海山路",,"C","121.267805000","25.093344000","1","4320",NULL,NULL
"海山路",,"C","121.255764000","25.108999000","1","4340",NULL,NULL
"海山路",,"C","121.255842000","25.108868000","1","4360",NULL,NULL
"海山路",,"C","121.257241000","25.106502000","1","4380",NULL,NULL
"海山路",,"C","121.257137000","25.106655000","1","4400",NULL,NULL
"海山路",,"C","121.257032000","25.106809000","1","4420",NULL,NULL
"海山路",,"C","121.256933000","25.106965000","1","4440",NULL,NULL
"海山路",,"C","121.256836000","25.107122000","1","4460",NULL,NULL
"海山路",,"C","121.256743000","25.107282000","1","4480",NULL,NULL
"海山路",,"C","121.256653000","25.107443000","1","4500",NULL,NULL
"海山路",,"C","121.256562000","25.107603000","1","4520",NULL,NULL
"海山路",,"C","121.256470000","25.107763000","1","4540",NULL,NULL
"海山路",,"C","121.256381000","25.107924000","1","4560",NULL,NULL
"海山路",,"C","121.255115000","25.110030000","1","4580",NULL,NULL
"海山路",,"C","121.255028000","25.110192000","1","4600",NULL,NULL
"海山路",,"C","121.258613000","25.104632000","1","4620",NULL,NULL
"海山路",,"C","121.258496000","25.104778000","1","4640",NULL,NULL
"海山路",,"C","121.258387000","25.104929000","1","4660",NULL,NULL
"海山路",,"C","121.258281000","25.105081000","1","4680",NULL,NULL
"海山路",,"C","121.258172000","25.105232000","1","4700",NULL,NULL
"海山路",,"C","121.258063000","25.105383000","1","4720",NULL,NULL
"海山路",,"C","121.259438000","25.103488000","1","4740",NULL,NULL
"海山路",,"C","121.259332000","25.103641000","1","4760",NULL,NULL
"海山路",,"C","121.259224000","25.103792000","1","4780",NULL,NULL
"海山路",,"C","121.259117000","25.103944000","1","4800",NULL,NULL
"海山路",,"C","121.259008000","25.104095000","1","4820",NULL,NULL
"海山路",,"C","121.258899000","25.104246000","1","4840",NULL,NULL
"海山路",,"C","121.258789000","25.104396000","1","4860",NULL,NULL
"海山路",,"C","121.258678000","25.104545000","1","4880",NULL,NULL
"海山路",,"C","121.257468000","25.106190000","1","4900",NULL,NULL
"海山路",,"C","121.257360000","25.106342000","1","4920",NULL,NULL
"海山路",,"C","121.257249000","25.106491000","1","4940",NULL,NULL
"海山路",,"C","121.259908000","25.102748000","1","4960",NULL,NULL
"海山路",,"C","121.259822000","25.102910000","1","4980",NULL,NULL
"海山路",,"C","121.259727000","25.103069000","1","5000",NULL,NULL
"海山路",,"C","121.259622000","25.103222000","1","5020",NULL,NULL
"海山路",,"C","121.259520000","25.103376000","1","5040",NULL,NULL
"海山路",,"C","121.254951000","25.110342000","1","5060",NULL,NULL
"海山路",,"C","121.254862000","25.110503000","1","5080",NULL,NULL
"海山路",,"C","121.254773000","25.110665000","1","5100",NULL,NULL
"海山路",,"C","121.269309000","25.092119000","1","5120",NULL,NULL
"海山路",,"C","121.269116000","25.092160000","1","5140",NULL,NULL
"海山路",,"C","121.260303000","25.102013000","1","5160",NULL,NULL
"海山路",,"C","121.260215000","25.102175000","1","5180",NULL,NULL
"吉林北路",,"C","121.249786370","24.989004885","0","0","2.93700","82.00000"
"吉林北路",,"C","121.249765070","24.988102261","0","100","3.27000","81.00000"
"吉林北路",,"C","121.249855242","24.987206476","0","200","3.34000","81.00000"
"吉林北路",,"C","121.250155887","24.986346341","0","300","2.97000","81.00000"
"吉林北路",,"C","121.250423155","24.985477859","0","400","3.12000","82.00000"
"吉林北路",,"C","121.250523568","24.984579870","0","500","2.90000","82.00000"
"吉林北路",,"C","121.250532839","24.983679378","0","600","3.01000","82.00000"
"吉林北路",,"C","121.250235911","24.982822490","0","700","3.03000","81.00000"
"吉林北路",,"C","121.249810359","24.982007232","0","800","2.97000","81.00000"
"吉林北路",,"C","121.249388577","24.981190397","0","900","2.79000","82.00000"
"吉林北路",,"C","121.248823732","24.980459710","0","1000","3.03000","82.00000"
"吉林北路",,"C","121.247987422","24.979979434","0","1100","2.75000","81.00000"
"吉林北路",,"C","121.247121198","24.979541628","0","1200","2.81000","82.00000"
"吉林北路",,"C","121.246191259","24.979241815","0","1300","3.08000","82.00000"
"吉林北路",,"C","121.245203384","24.979194665","0","1400","3.07000","83.00000"
"吉林北路",,"C","121.244212955","24.979182958","0","1460","3.10000","82.00000"
"吉林北路",,"C","121.249705650","24.988103489","0","1400","3.07000","82.00000"
"吉林北路",,"C","121.250362309","24.985478924","0","1100","2.75000","82.00000"
"吉林北路",,"C","121.250093150","24.986346948","0","1200","2.81000","80.00000"
"吉林北路",,"C","121.250473103","24.983680632","0","900","2.79000","82.00000"
"吉林北路",,"C","121.250463814","24.984581083","0","1000","3.03000","81.00000"
"吉林北路",,"C","121.249754502","24.982021132","0","700","3.03000","80.00000"
"吉林北路",,"C","121.250182024","24.982838100","0","800","2.97000","79.00000"
"吉林北路",,"C","121.248781973","24.980490540","0","500","2.90000","82.00000"
"吉林北路",,"C","121.249336772","24.981206339","0","600","3.01000","81.00000"
"吉林北路",,"C","121.247090380","24.979590896","0","300","2.97000","81.00000"
"吉林北路",,"C","121.247953038","24.980023856","0","400","3.12000","82.00000"
"吉林北路",,"C","121.245199713","24.979246050","0","100","3.27000","81.00000"
"吉林北路",,"C","121.246178770","24.979293915","0","200","3.34000","81.00000"
"吉林北路",,"C","121.249726950","24.989006112","0","1460","3.10000","80.00000"
"吉林北路",,"C","121.244206515","24.979237348","0","0","1.62800","81.00000"
"吉林北路",,"C","121.249794070","24.987207479","0","1300","3.08000","81.00000"
"中山西路","三段",,"121.097077802","24.973898273","1","8200",NULL,NULL
"中山西路","三段",,"121.096107205","24.974079471","1","8100",NULL,NULL
"中山西路","三段",,"121.095134205","24.974242607","1","8000",NULL,NULL
"中山西路","三段",,"121.094160763","24.974414766","1","7900",NULL,NULL
"中山西路","三段",,"121.093187064","24.974577890","1","7800",NULL,NULL
"中山西路","三段",,"121.092215132","24.974750035","1","7700",NULL,NULL
"中山西路","三段",,"121.091241250","24.974913146","1","7600",NULL,NULL
"中山西路","三段",,"121.090268481","24.975085279","1","7500",NULL,NULL
"中山西路","三段",,"121.089294910","24.975248377","1","7400",NULL,NULL
"中山西路","三段",,"121.088324361","24.975429524","1","7300",NULL,NULL
"中山西路","三段",,"121.087359087","24.975637747","1","7200",NULL,NULL
"中山西路","三段",,"121.086394467","24.975836935","1","7100",NULL,NULL
"中山西路","三段",,"121.085429108","24.976045145","1","7000",NULL,NULL
"中山西路","三段",,"121.084463908","24.976244321","1","6900",NULL,NULL
"中山西路","三段",,"121.083498685","24.976443490","1","6800",NULL,NULL
"中山西路","三段",,"121.082533296","24.976651682","1","6700",NULL,NULL
"中山西路","三段",,"121.081568819","24.976850839","1","6600",NULL,NULL
"中山西路","三段",,"121.080605009","24.977059017","1","6500",NULL,NULL
"中山西路","三段",,"121.079640947","24.977267189","1","6400",NULL,NULL
"中山西路","三段",,"121.078677081","24.977475355","1","6300",NULL,NULL
"中山西路","三段",,"121.077713538","24.977683514","1","6200",NULL,NULL
"中山西路","三段",,"121.076753589","24.977909723","1","6100",NULL,NULL
"中山西路","三段",,"121.075812182","24.978190085","1","6000",NULL,NULL
"中山西路","三段",,"121.074871097","24.978470442","1","5900",NULL,NULL
"中山西路","三段",,"121.073930821","24.978750793","1","5800",NULL,NULL
"中山西路","三段",,"121.072990387","24.979040166","1","5700",NULL,NULL
"中山西路","三段",,"121.072050696","24.979320504","1","5600",NULL,NULL
"中山西路","三段",,"121.071132255","24.979664025","1","5500",NULL,NULL
"中山西路","三段",,"121.070225645","24.980025592","1","5400",NULL,NULL
"中山西路","三段",,"121.069322849","24.980396179","1","5300",NULL,NULL
"中山西路","三段",,"121.068417165","24.980766763","1","5200",NULL,NULL
"中山西路","三段",,"121.067496939","24.981092206","1","5100",NULL,NULL
"中山西路","三段",,"121.066547072","24.981345428","1","5000",NULL,NULL
"中山西路","三段",,"121.065585707","24.981571565","1","4900",NULL,NULL
"中山西路","三段",,"121.064624482","24.981788667","1","4800",NULL,NULL
"中山西路","三段",,"121.063664116","24.982005763","1","4700",NULL,NULL
"中山西路","三段",,"121.062703548","24.982222852","1","4600",NULL,NULL
"中山西路","三段",,"121.061740827","24.982439936","1","4500",NULL,NULL
"中山西路","三段",,"121.060779786","24.982657013","1","4400",NULL,NULL
"中山西路","三段",,"121.059819985","24.982883112","1","4300",NULL,NULL
"中山西路","三段",,"121.058865108","24.983118231","1","4200",NULL,NULL
"中山西路","三段",,"121.057929473","24.983416536","1","4100",NULL,NULL
"中山西路","三段",,"121.056999494","24.983723860","1","4000",NULL,NULL
"中山西路","三段",,"121.056063048","24.984022153","1","3900",NULL,NULL
"中山西路","三段",,"121.055131009","24.984329467","1","3800",NULL,NULL
"中山西路","三段",,"121.054199848","24.984636775","1","3700",NULL,NULL
"中山西路","三段",,"121.053268681","24.984944076","1","3600",NULL,NULL
"中山西路","三段",,"121.052337520","24.985251372","1","3500",NULL,NULL
"中山西路","三段",,"121.051406345","24.985558662","1","3400",NULL,NULL
"中山西路","三段",,"121.050475165","24.985865946","1","3300",NULL,NULL
"中山西路","三段",,"121.049543772","24.986173225","1","3200",NULL,NULL
"中山西路","三段",,"121.048612344","24.986480498","1","3100",NULL,NULL
"中山西路","三段",,"121.047678783","24.986787765","1","3000",NULL,NULL
"中山西路","三段",,"121.046736862","24.987058916","1","2900",NULL,NULL
"中山西路","三段",,"121.045766553","24.987239785","1","2800",NULL,NULL
"中山西路","三段",,"121.044784054","24.987357453","1","2700",NULL,NULL
"中山西路","三段",,"121.043801194","24.987466087","1","2600",NULL,NULL
"中山西路","三段",,"121.042817519","24.987574714","1","2500",NULL,NULL
"中山西路","三段",,"121.041834269","24.987683334","1","2400",NULL,NULL
"中山西路","三段",,"121.040851007","24.987791948","1","2300",NULL,NULL
"中山西路","三段",,"121.039867594","24.987900555","1","2200",NULL,NULL
"中山西路","三段",,"121.038884190","24.988009156","1","2100",NULL,NULL
"中山西路","三段",,"121.037901579","24.988126779","1","2000",NULL,NULL
"中山西路","三段",,"121.036919053","24.988235367","1","1900",NULL,NULL
"中山西路","三段",,"121.035935634","24.988343948","1","1800",NULL,NULL
"中山西路","三段",,"121.034951648","24.988452523","1","1700",NULL,NULL
"中山西路","三段",,"121.033968265","24.988561092","1","1600",NULL,NULL
"中山西路","三段",,"121.032985982","24.988678682","1","1500",NULL,NULL
"中山西路","三段",,"121.032001959","24.988778209","1","1400",NULL,NULL
"中山西路","三段",,"121.031017798","24.988886758","1","1300",NULL,NULL
"中山西路","三段",,"121.030033613","24.988986273","1","1200",NULL,NULL
"中山西路","三段",,"121.029049436","24.989085780","1","1100",NULL,NULL
"中山西路","三段",,"121.028069919","24.989031798","1","1000",NULL,NULL
"中山西路","三段",,"121.027113354","24.988797237","1","900",NULL,NULL
"中山西路","三段",,"121.026158130","24.988562670","1","800",NULL,NULL
"中山西路","三段",,"121.025203741","24.988319068","1","700",NULL,NULL
"中山西路","三段",,"121.024249127","24.988075460","1","600",NULL,NULL
"中山西路","三段",,"121.023292815","24.987840874","1","500",NULL,NULL
"中山西路","三段",,"121.022314226","24.987759768","1","400",NULL,NULL
"中山西路","三段",,"121.021329152","24.987859225","1","300",NULL,NULL
"中山西路","三段",,"121.020343915","24.987949647","1","200",NULL,NULL
"中山西路","三段",,"121.019358827","24.988040062","1","100",NULL,NULL
"中山西路","三段",,"121.018377882","24.988166584","1","0",NULL,NULL
"中山西路","三段",,"121.018361914","24.988103388","1","0",NULL,NULL
"中山西路","三段",,"121.019342819","24.987976866","1","100",NULL,NULL
"中山西路","三段",,"121.020327896","24.987877422","1","200",NULL,NULL
"中山西路","三段",,"121.021313131","24.987787000","1","300",NULL,NULL
"中山西路","三段",,"121.022298215","24.987687544","1","400",NULL,NULL
"中山西路","三段",,"121.023277584","24.987759621","1","500",NULL,NULL
"中山西路","三段",,"121.024234133","24.987994206","1","600",NULL,NULL
"中山西路","三段",,"121.025188786","24.988237815","1","700",NULL,NULL
"中山西路","三段",,"121.026143126","24.988481417","1","800",NULL,NULL
"中山西路","三段",,"121.027098289","24.988715984","1","900",NULL,NULL
"中山西路","三段",,"121.028054853","24.988950545","1","1000",NULL,NULL
"中山西路","三段",,"121.029033421","24.989013556","1","1100",NULL,NULL
"中山西路","三段",,"121.030017597","24.988914049","1","1200",NULL,NULL
"中山西路","三段",,"121.031001771","24.988814534","1","1300",NULL,NULL
"中山西路","三段",,"121.031985942","24.988705985","1","1400",NULL,NULL
"中山西路","三段",,"121.032969954","24.988606458","1","1500",NULL,NULL
"中山西路","三段",,"121.033952257","24.988488868","1","1600",NULL,NULL
"中山西路","三段",,"121.034935630","24.988380300","1","1700",NULL,NULL
"中山西路","三段",,"121.035919617","24.988280753","1","1800",NULL,NULL
"中山西路","三段",,"121.036903036","24.988172172","1","1900",NULL,NULL
"中山西路","三段",,"121.037885569","24.988054556","1","2000",NULL,NULL
"中山西路","三段",,"121.038868169","24.987936933","1","2100",NULL,NULL
"中山西路","三段",,"121.039851573","24.987828333","1","2200",NULL,NULL
"中山西路","三段",,"121.040834985","24.987719725","1","2300",NULL,NULL
"中山西路","三段",,"121.041818246","24.987611111","1","2400",NULL,NULL
"中山西路","三段",,"121.042801496","24.987502491","1","2500",NULL,NULL
"中山西路","三段",,"121.043785170","24.987393864","1","2600",NULL,NULL
"中山西路","三段",,"121.044847531","24.987276179","1","2700",NULL,NULL
"中山西路","三段",,"121.045830020","24.987158510","1","2800",NULL,NULL
"中山西路","三段",,"121.046798456","24.986977641","1","2900",NULL,NULL
"中山西路","三段",,"121.047738179","24.986688434","1","3000",NULL,NULL
"中山西路","三段",,"121.048671496","24.986390194","1","3100",NULL,NULL
"中山西路","三段",,"121.049602922","24.986082921","1","3200",NULL,NULL
"中山西路","三段",,"121.050534295","24.985775642","1","3300",NULL,NULL
"中山西路","三段",,"121.051465474","24.985468358","1","3400",NULL,NULL
"中山西路","三段",,"121.052396645","24.985152039","1","3500",NULL,NULL
"中山西路","三段",,"121.053327805","24.984844743","1","3600",NULL,NULL
"中山西路","三段",,"121.054258971","24.984537441","1","3700",NULL,NULL
"中山西路","三段",,"121.055190131","24.984230133","1","3800",NULL,NULL
"中山西路","三段",,"121.056122738","24.983931847","1","3900",NULL,NULL
"中山西路","三段",,"121.057058490","24.983633554","1","4000",NULL,NULL
"中山西路","三段",,"121.057988735","24.983326229","1","4100",NULL,NULL
"中山西路","三段",,"121.058925310","24.983027924","1","4200",NULL,NULL
"中山西路","三段",,"121.059881643","24.982792803","1","4300",NULL,NULL
"中山西路","三段",,"121.060841433","24.982566704","1","4400",NULL,NULL
"中山西路","三段",,"121.061802730","24.982349627","1","4500",NULL,NULL
"中山西路","三段",,"121.062765455","24.982141570","1","4600",NULL,NULL
"中山西路","三段",,"121.063725820","24.981915452","1","4700",NULL,NULL
"中山西路","三段",,"121.064686175","24.981698357","1","4800",NULL,NULL
"中山西路","三段",,"121.065647508","24.981481254","1","4900",NULL,NULL
"中山西路","三段",,"121.066608610","24.981264145","1","5000",NULL,NULL
"中山西路","三段",,"121.067556074","24.981001895","1","5100",NULL,NULL
"中山西路","三段",,"121.068474189","24.980658396","1","5200",NULL,NULL
"中山西路","三段",,"121.069379115","24.980296841","1","5300",NULL,NULL
"中山西路","三段",,"121.070282267","24.979926253","1","5400",NULL,NULL
"中山西路","三段",,"121.071189539","24.979564685","1","5500",NULL,NULL
"中山西路","三段",,"121.072109748","24.979230191","1","5600",NULL,NULL
"中山西路","三段",,"121.073050369","24.978949852","1","5700",NULL,NULL
"中山西路","三段",,"121.073990772","24.978660479","1","5800",NULL,NULL
"中山西路","三段",,"121.074931177","24.978380128","1","5900",NULL,NULL
"中山西路","三段",,"121.075872122","24.978099771","1","6000",NULL,NULL
"中山西路","三段",,"121.076814667","24.977819407","1","6100",NULL,NULL
"中山西路","三段",,"121.077775641","24.977602226","1","6200",NULL,NULL
"中山西路","三段",,"121.078739005","24.977394067","1","6300",NULL,NULL
"中山西路","三段",,"121.079702970","24.977185900","1","6400",NULL,NULL
"中山西路","三段",,"121.080666991","24.976977728","1","6500",NULL,NULL
"中山西路","三段",,"121.081630800","24.976769549","1","6600",NULL,NULL
"中山西路","三段",,"121.082595379","24.976561364","1","6700",NULL,NULL
"中山西路","三段",,"121.083560783","24.976362200","1","6800",NULL,NULL
"中山西路","三段",,"121.084526006","24.976163030","1","6900",NULL,NULL
"中山西路","三段",,"121.085491170","24.975954826","1","7000",NULL,NULL
"中山西路","三段",,"121.086456624","24.975755643","1","7100",NULL,NULL
"中山西路","三段",,"121.087421058","24.975547427","1","7200",NULL,NULL
"中山西路","三段",,"121.088386812","24.975348231","1","7300",NULL,NULL
"中山西路","三段",,"121.089357529","24.975167084","1","7400",NULL,NULL
"中山西路","三段",,"121.090331179","24.975003985","1","7500",NULL,NULL
"中山西路","三段",,"121.091304036","24.974831852","1","7600",NULL,NULL
"中山西路","三段",,"121.092277928","24.974668740","1","7700",NULL,NULL
"中山西路","三段",,"121.093250235","24.974496594","1","7800",NULL,NULL
"中山西路","三段",,"121.094222154","24.974324443","1","7900",NULL,NULL
"中山西路","三段",,"121.095193911","24.974152285","1","8000",NULL,NULL
"中山西路","三段",,"121.096165618","24.973971092","1","8100",NULL,NULL
"中山西路","三段",,"121.097137608","24.973798922","1","8200",NULL,NULL
"民有十街",,"C","121.319645831","25.013907164","0","0",NULL,"81.00000"
"民有十街",,"C","121.319530424","25.014051865","0","20",NULL,"82.00000"
"民有十街",,"C","121.319415039","25.014205593","0","40",NULL,"81.00000"
"民有十街",,"C","121.319299631","25.014350294","0","60",NULL,"82.00000"
"民有十街",,"C","121.319184701","25.014494993","0","80",NULL,"80.00000"
"民有十街",,"C","121.319070876","25.014639689","0","100",NULL,"81.00000"
"民有十街",,"C","121.318957074","25.014793414","0","120",NULL,"81.00000"
"民有十街",,"C","121.318970881","25.014802413","0","0",NULL,"82.00000"
"民有十街",,"C","121.319084324","25.014657717","0","20",NULL,"81.00000"
"民有十街",,"C","121.319197767","25.014513021","0","40",NULL,"81.00000"
"民有十街",,"C","121.319311187","25.014359297","0","60",NULL,"82.00000"
"民有十街",,"C","121.319426448","25.014214597","0","80",NULL,"80.00000"
"民有十街",,"C","121.319542972","25.014069894","0","100",NULL,"81.00000"
"民有十街",,"C","121.319659495","25.013925191","0","120",NULL,"82.00000"
"文德路",NULL,"G","121.203762540","25.005550880","0","0","3.96261","63.87873"
"文德路",NULL,"G","121.203906360","25.005426690","0","20","3.82762","64.94103"
"文德路",NULL,"G","121.204052500","25.005304710","0","40","3.66155","66.05555"
"文德路",NULL,"G","121.204198500","25.005182690","0","60","3.80343","64.61533"
"文德路",NULL,"G","121.204343800","25.005059950","0","80","3.90945","66.32319"
"文德路",NULL,"G","121.204490400","25.004938440","0","100","4.14476","65.63793"
"文德路",NULL,"G","121.204635800","25.004815750","0","120","3.89692","61.43347"
"文德路",NULL,"G","121.204781600","25.004693480","0","140","3.85008","60.86601"
"文德路",NULL,"G","121.204928100","25.004571890","0","160","3.56795","57.11921"
"文德路",NULL,"G","121.205074600","25.004450330","0","180","3.39914","61.01503"
"文德路",NULL,"G","121.205220300","25.004327930","0","200","3.40235","64.43940"
"文德路",NULL,"G","121.205366800","25.004206380","0","220","3.11827","62.45630"
"文德路",NULL,"G","121.205512000","25.004083490","0","240","3.10000","60.56310"
"文德路",NULL,NULL,"121.205657000","25.003960430","0","260",NULL,NULL
"文德路",NULL,NULL,"121.205802200","25.003837570","0","280",NULL,NULL
"文德路",NULL,NULL,"121.205950600","25.003717950","0","300",NULL,NULL
"文德路",NULL,NULL,"121.206098600","25.003597930","0","320",NULL,NULL
"文德路",NULL,NULL,"121.206243800","25.003475090","0","340",NULL,NULL
"文德路",NULL,NULL,"121.206389900","25.003353030","0","360",NULL,NULL
"文德路",NULL,NULL,"121.206535200","25.003230290","0","380",NULL,NULL
"文德路",NULL,NULL,"121.206681400","25.003108440","0","400",NULL,NULL
"文德路",NULL,NULL,"121.206826600","25.002985630","0","420",NULL,NULL
"文德路",NULL,NULL,"121.206972800","25.002863690","0","440",NULL,NULL
"文德路",NULL,NULL,"121.207118900","25.002741810","0","460",NULL,NULL
"文德路",NULL,NULL,"121.207264700","25.002619490","0","480",NULL,NULL
"文德路",NULL,NULL,"121.207412100","25.002498830","0","500",NULL,NULL
"文德路",NULL,NULL,"121.207562500","25.002381280","0","520",NULL,NULL
"文德路",NULL,NULL,"121.207679700","25.002239660","0","540",NULL,NULL
"文德路",NULL,NULL,"121.207684100","25.002059850","0","560",NULL,NULL
"文德路",NULL,NULL,"121.207682200","25.001879290","0","580",NULL,NULL
"文德路",NULL,NULL,"121.207681700","25.001698730","0","600",NULL,NULL
"文德路",NULL,NULL,"121.207681800","25.001518160","0","620",NULL,NULL
"文德路",NULL,NULL,"121.207681500","25.001337600","0","640",NULL,NULL
"文德路",NULL,NULL,"121.207681100","25.001157030","0","660",NULL,NULL
"文德路",NULL,NULL,"121.207683800","25.000976500","0","680",NULL,NULL
"文德路",NULL,NULL,"121.207745600","25.000796460","1","700",NULL,NULL
"文德路",NULL,NULL,"121.207733300","25.000976500","1","680",NULL,NULL
"文德路",NULL,NULL,"121.207730700","25.001157030","1","660",NULL,NULL
"文德路",NULL,NULL,"121.207731100","25.001337600","1","640",NULL,NULL
"文德路",NULL,NULL,"121.207731300","25.001518160","1","620",NULL,NULL
"文德路",NULL,NULL,"121.207731300","25.001698730","1","600",NULL,NULL
"文德路",NULL,NULL,"121.207731700","25.001879290","1","580",NULL,NULL
"文德路",NULL,NULL,"121.207733600","25.002059850","1","560",NULL,NULL
"文德路",NULL,NULL,"121.207729300","25.002239660","1","540",NULL,NULL
"文德路",NULL,NULL,"121.207597500","25.002413250","1","520",NULL,NULL
"文德路",NULL,NULL,"121.207447100","25.002530810","1","500",NULL,NULL
"文德路",NULL,NULL,"121.207299700","25.002651470","1","480",NULL,NULL
"文德路",NULL,NULL,"121.207154000","25.002773780","1","460",NULL,NULL
"文德路",NULL,NULL,"121.207007800","25.002895670","1","440",NULL,NULL
"文德路",NULL,NULL,"121.206861700","25.003017610","1","420",NULL,NULL
"文德路",NULL,NULL,"121.206716400","25.003140410","1","400",NULL,NULL
"文德路",NULL,NULL,"121.206570200","25.003262260","1","380",NULL,NULL
"文德路",NULL,NULL,"121.206424900","25.003385010","1","360",NULL,NULL
"文德路",NULL,NULL,"121.206278900","25.003507060","1","340",NULL,NULL
"文德路",NULL,NULL,"121.206133700","25.003629900","1","320",NULL,NULL
"文德路",NULL,NULL,"121.205985600","25.003749920","1","300",NULL,NULL
"文德路",NULL,NULL,"121.205837200","25.003869540","1","280",NULL,NULL
"文德路",NULL,NULL,"121.205692000","25.003992400","1","260",NULL,NULL
"文德路",NULL,"G","121.205547000","25.004115460","1","240",NULL,NULL
"文德路",NULL,"G","121.205401800","25.004238350","1","220","4.28188","64.37111"
"文德路",NULL,"G","121.205255300","25.004359910","1","200","4.11415","61.34640"
"文德路",NULL,"G","121.205109600","25.004482310","1","180","4.16771","58.57213"
"文德路",NULL,"G","121.204963100","25.004603870","1","160","4.35337","56.29507"
"文德路",NULL,"G","121.204816600","25.004725450","1","140","4.05727","55.62684"
"文德路",NULL,"G","121.204670800","25.004847720","1","120","4.24076","57.29339"
"文德路",NULL,"G","121.204525500","25.004970410","1","100","4.35964","61.40591"
"文德路",NULL,"G","121.204378900","25.005091930","1","80","4.26379","58.88169"
"文德路",NULL,"G","121.204233600","25.005214670","1","60","4.05708","62.69824"
"文德路",NULL,"G","121.204087500","25.005336690","1","40","4.33141","62.73670"
"文德路",NULL,"G","121.203941400","25.005458670","1","20","4.23336","65.53542"
"文德路",NULL,"G","121.203797600","25.005582850","1","0","3.98901","67.24925"
